92749.87481,539267.72211,1347716.45209,489238.40333, 226.46045
92749.87481,539267.72211,1347716.45209,489238.40333, 226.46045
92749.87481,539267.72211,1347716.45209,489238.40333, 226.46045
92749.87481,539267.72211,1347716.45209,489238.40333, 226.46045
92749.87481,539267.72211,1347716.45209,489238.40333, 226.46045
92749.87481,539267.72211,1347716.45209,489238.40333, 226.46045
92749.87481,539267.72211,1347716.45209,489238.40333, 226.46045
92749.87481,539267.72211,1347716.45209,489238.40333, 226.46045
92749.87481,539267.72211,1347716.45209,489238.40333, 226.46045
92749.87481,539267.72211,1347716.45209,489238.40333, 226.46045
92749.87481,539267.72211,1347716.45209,489238.40333, 226.46045
92749.87481,539267.72211,1347716.45209,489238.40333, 226.46045
92749.87481,539267.72211,1347716.45209,489238.40333, 226.46045
92749.87481,539267.72211,1347716.45209,489238.40333, 226.46045
92749.87481,539267.72211,1347716.45209,489238.40333, 226.46045
92749.87481,539267.72211,1347716.45209,489238.40333, 226.46045
92749.87481,539267.72211,1347716.45209,489238.40333, 226.46045
92749.87481,539267.72211,1347716.45209,489238.40333, 226.46045
92749.87481,539267.72211,1347716.45209,489238.40333, 226.46045
92749.87481,539267.72211,1347716.45209,489238.40333, 226.46045
92749.87481,539267.72211,1347716.45209,489238.40333, 226.46045
92749.87481,539267.72211,1347716.45209,489238.40333, 226.46045
92749.87481,539267.72211,1347716.45209,489238.40333, 226.46045
92749.87481,539267.72211,1347716.45209,489238.40333, 226.46045
92749.87481,539267.72211,1347716.45209,489238.40333, 226.46045
92749.87481,539267.72211,1347716.45209,489238.40333, 226.46045
92749.87481,539267.72211,1347716.45209,489238.40333, 226.46045
92749.87481,539267.72211,1347716.45209,489238.40333, 226.46045
92749.87481,539267.72211,1347716.45209,489238.40333, 226.46045
92749.87481,539267.72211,1347716.45209,489238.40333, 226.46045
92749.87481,539267.72211,1347716.45209,489238.40333, 226.46045
92749.87481,539267.72211,1347716.45209,489238.40333, 226.46045
92749.87481,539267.72211,1347716.45209,489238.40333, 226.46045
92749.87481,539267.72211,1347716.45209,489238.40333, 226.46045
92749.87481,539267.72211,1347716.45209,489238.40333, 226.46045
92749.87481,539267.72211,1347716.45209,489238.40333, 226.46045
92749.87481,539267.72211,1347716.45209,489238.40333, 226.46045
92749.87481,539267.72211,1347716.45209,489238.40333, 226.46045
92749.87481,539267.72211,1347716.45209,489238.40333, 226.46045
92749.87481,539267.72211,1347716.45209,489238.40333, 226.46045
92749.87481,539267.72211,1347716.45209,489238.40333, 226.46045
92749.87481,539267.72211,1347716.45209,489238.40333, 226.46045
92749.87481,539267.72211,1347716.45209,489238.40333, 226.46045
92749.87481,539267.72211,1347716.45209,489238.40333, 226.46045
92749.87481,539267.72211,1347716.45209,489238.40333, 226.46045
92749.87481,539267.72211,1347716.45209,489238.40333, 226.46045
92749.87481,539267.72211,1347716.45209,489238.40333, 226.46045
92749.87481,539267.72211,1347716.45209,489238.40333, 226.46045
92749.87481,539267.72211,1347716.45209,489238.40333, 226.46045
92749.87481,539267.72211,1347716.45209,489238.40333, 226.46045
92749.87481,539267.72211,1347716.45209,489238.40333, 226.46045
92749.87481,539267.72211,1347716.45209,489238.40333, 226.46045
92749.87481,539267.72211,1347716.45209,489238.40333, 226.46045
92749.87481,539267.72211,1347716.45209,489238.40333, 226.46045
92749.87481,539267.72211,1347716.45209,489238.40333, 226.46045
92749.87481,539267.72211,1347716.45209,489238.40333, 226.46045
92749.87481,539267.72211,1347716.45209,489238.40333, 226.46045
92749.87481,539267.72211,1347716.45209,489238.40333, 226.46045
92749.87481,539267.72211,1347716.45209,489238.40333, 226.46045
92749.87481,539267.72211,1347716.45209,489238.40333, 226.46045
92749.87481,539267.72211,1347716.45209,489238.40333, 226.46045
92749.87481,539267.72211,1347716.45209,489238.40333, 226.46045
92749.87481,539267.72211,1347716.45209,489238.40333, 226.46045
92749.87481,539267.72211,1347716.45209,489238.40333, 226.46045
92749.87481,539267.72211,1347716.45209,489238.40333, 226.46045
92749.87481,539267.72211,1347716.45209,489238.40333, 226.46045
92749.87481,539267.72211,1347716.45209,489238.40333, 226.46045
92749.87481,539267.72211,1347716.45209,489238.40333, 226.46045
92749.87481,539267.72211,1347716.45209,489238.40333, 226.46045
92749.87481,539267.72211,1347716.45209,489238.40333, 226.46045
92749.87481,539267.72211,1347716.45209,489238.40333, 226.46045
92749.87481,539267.72211,1347716.45209,489238.40333, 226.46045
92749.87481,539267.72211,1347716.45209,489238.40333, 226.46045
92749.87481,539267.72211,1347716.45209,489238.40333, 226.46045
92749.87481,539267.72211,1347716.45209,489238.40333, 226.46045
92749.87481,539267.72211,1347716.45209,489238.40333, 226.46045
92749.87481,539267.72211,1347716.45209,489238.40333, 226.46045
92749.87481,539267.72211,1347716.45209,489238.40333, 226.46045
92749.87481,539267.72211,1347716.45209,489238.40333, 226.46045
92749.87481,539267.72211,1347716.45209,489238.40333, 226.46045
92749.87481,539267.72211,1347716.45209,489238.40333, 226.46045
92749.87481,539267.72211,1347716.45209,489238.40333, 226.46045
92749.87481,539267.72211,1347716.45209,489238.40333, 226.46045
92749.87481,539267.72211,1347716.45209,489238.40333, 226.46045
92749.87481,539267.72211,1347716.45209,489238.40333, 226.46045
92749.87481,539267.72211,1347716.45209,489238.40333, 226.46045
92749.87481,539267.72211,1347716.45209,489238.40333, 226.46045
92749.87481,539267.72211,1347716.45209,489238.40333, 226.46045
92749.87481,539267.72211,1347716.45209,489238.40333, 226.46045
92749.87481,539267.72211,1347716.45209,489238.40333, 226.46045
92749.87481,539267.72211,1347716.45209,489238.40333, 226.46045
92749.87481,539267.72211,1347716.45209,489238.40333, 226.46045
92749.87481,539267.72211,1347716.45209,489238.40333, 226.46045
92749.87481,539267.72211,1347716.45209,489238.40333, 226.46045
92749.87481,539267.72211,1347716.45209,489238.40333, 226.46045
92749.87481,539267.72211,1347716.45209,489238.40333, 226.46045
92749.87481,539267.72211,1347716.45209,489238.40333, 226.46045
92749.87481,539267.72211,1347716.45209,489238.40333, 226.46045
92749.87481,539267.72211,1347716.45209,489238.40333, 226.46045
92749.87481,539267.72211,1347716.45209,489238.40333, 226.46045
92749.87481,539267.72211,1347716.45209,489238.40333, 226.46045
92749.87481,539267.72211,1347716.45209,489238.40333, 226.46045
92749.87481,539267.72211,1347716.45209,489238.40333, 226.46045
92749.87481,539267.72211,1347716.45209,489238.40333, 226.46045
92749.87481,539267.72211,1347716.45209,489238.40333, 226.46045
92749.87481,539267.72211,1347716.45209,489238.40333, 226.46045
92749.87481,539267.72211,1347716.45209,489238.40333, 226.46045
92749.87481,539267.72211,1347716.45209,489238.40333, 226.46045
92749.87481,539267.72211,1347716.45209,489238.40333, 226.46045
92749.87481,539267.72211,1347716.45209,489238.40333, 226.46045
92749.87481,539267.72211,1347716.45209,489238.40333, 226.46045
92749.87481,539267.72211,1347716.45209,489238.40333, 226.46045
92749.87481,539267.72211,1347716.45209,489238.40333, 226.46045
92749.87481,539267.72211,1347716.45209,489238.40333, 226.46045
92749.87481,539267.72211,1347716.45209,489238.40333, 226.46045
92749.87481,539267.72211,1347716.45209,489238.40333, 226.46045
92749.87481,539267.72211,1347716.45209,489238.40333, 226.46045
92749.87481,539267.72211,1347716.45209,489238.40333, 226.46045
92749.87481,539267.72211,1347716.45209,489238.40333, 226.46045
92749.87481,539267.72211,1347716.45209,489238.40333, 226.46045
92749.87481,539267.72211,1347716.45209,489238.40333, 226.46045
92749.87481,539267.72211,1347716.45209,489238.40333, 226.46045
92749.87481,539267.72211,1347716.45209,489238.40333, 226.46045
92749.87481,539267.72211,1347716.45209,489238.40333, 226.46045
92749.87481,539267.72211,1347716.45209,489238.40333, 226.46045
92749.87481,539267.72211,1347716.45209,489238.40333, 226.46045
92749.87481,539267.72211,1347716.45209,489238.40333, 226.46045
92749.87481,539267.72211,1347716.45209,489238.40333, 226.46045
92749.87481,539267.72211,1347716.45209,489238.40333, 226.46045
92749.87481,539267.72211,1347716.45209,489238.40333, 226.46045
92749.87481,539267.72211,1347716.45209,489238.40333, 226.46045
92749.87481,539267.72211,1347716.45209,489238.40333, 226.46045
92749.87481,539267.72211,1347716.45209,489238.40333, 226.46045
92749.87481,539267.72211,1347716.45209,489238.40333, 226.46045
92749.87481,539267.72211,1347716.45209,489238.40333, 226.46045
92749.87481,539267.72211,1347716.45209,489238.40333, 226.46045
92749.87481,539267.72211,1347716.45209,489238.40333, 226.46045
92749.87481,539267.72211,1347716.45209,489238.40333, 226.46045
92749.87481,539267.72211,1347716.45209,489238.40333, 226.46045
92749.87481,539267.72211,1347716.45209,489238.40333, 226.46045
92749.87481,539267.72211,1347716.45209,489238.40333, 226.46045
92749.87481,539267.72211,1347716.45209,489238.40333, 226.46045
92749.87481,539267.72211,1347716.45209,489238.40333, 226.46045
92749.87481,539267.72211,1347716.45209,489238.40333, 226.46045
92749.87481,539267.72211,1347716.45209,489238.40333, 226.46045
92749.87481,539267.72211,1347716.45209,489238.40333, 226.46045
92749.87481,539267.72211,1347716.45209,489238.40333, 226.46045
92749.87481,539267.72211,1347716.45209,489238.40333, 226.46045
92749.87481,539267.72211,1347716.45209,489238.40333, 226.46045
92749.87481,539267.72211,1347716.45209,489238.40333, 226.46045
92749.87481,539267.72211,1347716.45209,489238.40333, 226.46045
92749.87481,539267.72211,1347716.45209,489238.40333, 226.46045
92749.87481,539267.72211,1347716.45209,489238.40333, 226.46045
92749.87481,539267.72211,1347716.45209,489238.40333, 226.46045
92749.87481,539267.72211,1347716.45209,489238.40333, 226.46045
92749.87481,539267.72211,1347716.45209,489238.40333, 226.46045
92749.87481,539267.72211,1347716.45209,489238.40333, 226.46045
92749.87481,539267.72211,1347716.45209,489238.40333, 226.46045
92749.87481,539267.72211,1347716.45209,489238.40333, 226.46045
92749.87481,539267.72211,1347716.45209,489238.40333, 226.46045
92749.87481,539267.72211,1347716.45209,489238.40333, 226.46045
92749.87481,539267.72211,1347716.45209,489238.40333, 226.46045
92749.87481,539267.72211,1347716.45209,489238.40333, 226.46045
92749.87481,539267.72211,1347716.45209,489238.40333, 226.46045
92749.87481,539267.72211,1347716.45209,489238.40333, 226.46045
92749.87481,539267.72211,1347716.45209,489238.40333, 226.46045
92749.87481,539267.72211,1347716.45209,489238.40333, 226.46045
92749.87481,539267.72211,1347716.45209,489238.40333, 226.46045
92749.87481,539267.72211,1347716.45209,489238.40333, 226.46045
92749.87481,539267.72211,1347716.45209,489238.40333, 226.46045
92749.87481,539267.72211,1347716.45209,489238.40333, 226.46045
92749.87481,539267.72211,1347716.45209,489238.40333, 226.46045
92749.87481,539267.72211,1347716.45209,489238.40333, 226.46045
92749.87481,539267.72211,1347716.45209,489238.40333, 226.46045
92749.87481,539267.72211,1347716.45209,489238.40333, 226.46045
92749.87481,539267.72211,1347716.45209,489238.40333, 226.46045
92749.87481,539267.72211,1347716.45209,489238.40333, 226.46045
92749.87481,539267.72211,1347716.45209,489238.40333, 226.46045
92749.87481,539267.72211,1347716.45209,489238.40333, 226.46045
92749.87481,539267.72211,1347716.45209,489238.40333, 226.46045
92749.87481,539267.72211,1347716.45209,489238.40333, 226.46045
92749.87481,539267.72211,1347716.45209,489238.40333, 226.46045
92749.87481,539267.72211,1347716.45209,489238.40333, 226.46045
92749.87481,539267.72211,1347716.45209,489238.40333, 226.46045
92749.87481,539267.72211,1347716.45209,489238.40333, 226.46045
92749.87481,539267.72211,1347716.45209,489238.40333, 226.46045
92749.87481,539267.72211,1347716.45209,489238.40333, 226.46045
92749.87481,539267.72211,1347716.45209,489238.40333, 226.46045
92749.87481,539267.72211,1347716.45209,489238.40333, 226.46045
92749.87481,539267.72211,1347716.45209,489238.40333, 226.46045
92749.87481,539267.72211,1347716.45209,489238.40333, 226.46045
92749.87481,539267.72211,1347716.45209,489238.40333, 226.46045
92749.87481,539267.72211,1347716.45209,489238.40333, 226.46045
92749.87481,539267.72211,1347716.45209,489238.40333, 226.46045
92749.87481,539267.72211,1347716.45209,489238.40333, 226.46045
92749.87481,539267.72211,1347716.45209,489238.40333, 226.46045
92749.87481,539267.72211,1347716.45209,489238.40333, 226.46045
92749.87481,539267.72211,1347716.45209,489238.40333, 226.46045
92749.87481,539267.72211,1347716.45209,489238.40333, 226.46045
92749.87481,539267.72211,1347716.45209,489238.40333, 226.46045
92749.87481,539267.72211,1347716.45209,489238.40333, 226.46045
92749.87481,539267.72211,1347716.45209,489238.40333, 226.46045
92749.87481,539267.72211,1347716.45209,489238.40333, 226.46045
92749.87481,539267.72211,1347716.45209,489238.40333, 226.46045
92749.87481,539267.72211,1347716.45209,489238.40333, 226.46045
92749.87481,539267.72211,1347716.45209,489238.40333, 226.46045
92749.87481,539267.72211,1347716.45209,489238.40333, 226.46045
92749.87481,539267.72211,1347716.45209,489238.40333, 226.46045
92749.87481,539267.72211,1347716.45209,489238.40333, 226.46045
92749.87481,539267.72211,1347716.45209,489238.40333, 226.46045
92749.87481,539267.72211,1347716.45209,489238.40333, 226.46045
92749.87481,539267.72211,1347716.45209,489238.40333, 226.46045
92749.87481,539267.72211,1347716.45209,489238.40333, 226.46045
92749.87481,539267.72211,1347716.45209,489238.40333, 226.46045
92749.87481,539267.72211,1347716.45209,489238.40333, 226.46045
92749.87481,539267.72211,1347716.45209,489238.40333, 226.46045
92749.87481,539267.72211,1347716.45209,489238.40333, 226.46045
92749.87481,539267.72211,1347716.45209,489238.40333, 226.46045
92749.87481,539267.72211,1347716.45209,489238.40333, 226.46045
92749.87481,539267.72211,1347716.45209,489238.40333, 226.46045
92749.87481,539267.72211,1347716.45209,489238.40333, 226.46045
92749.87481,539267.72211,1347716.45209,489238.40333, 226.46045
92749.87481,539267.72211,1347716.45209,489238.40333, 226.46045
92749.87481,539267.72211,1347716.45209,489238.40333, 226.46045
92749.87481,539267.72211,1347716.45209,489238.40333, 226.46045
92749.87481,539267.72211,1347716.45209,489238.40333, 226.46045
92749.87481,539267.72211,1347716.45209,489238.40333, 226.46045
92749.87481,539267.72211,1347716.45209,489238.40333, 226.46045
92749.87481,539267.72211,1347716.45209,489238.40333, 226.46045
92749.87481,539267.72211,1347716.45209,489238.40333, 226.46045
92749.87481,539267.72211,1347716.45209,489238.40333, 226.46045
92749.87481,539267.72211,1347716.45209,489238.40333, 226.46045
92749.87481,539267.72211,1347716.45209,489238.40333, 226.46045
92749.87481,539267.72211,1347716.45209,489238.40333, 226.46045
92749.87481,539267.72211,1347716.45209,489238.40333, 226.46045
92749.87481,539267.72211,1347716.45209,489238.40333, 226.46045
92749.87481,539267.72211,1347716.45209,489238.40333, 226.46045
92749.87481,539267.72211,1347716.45209,489238.40333, 226.46045
92749.87481,539267.72211,1347716.45209,489238.40333, 226.46045
92749.87481,539267.72211,1347716.45209,489238.40333, 226.46045
92749.87481,539267.72211,1347716.45209,489238.40333, 226.46045
92749.87481,539267.72211,1347716.45209,489238.40333, 226.46045
92749.87481,539267.72211,1347716.45209,489238.40333, 226.46045
92749.87481,539267.72211,1347716.45209,489238.40333, 226.46045
92749.87481,539267.72211,1347716.45209,489238.40333, 226.46045
92749.87481,539267.72211,1347716.45209,489238.40333, 226.46045
92749.87481,539267.72211,1347716.45209,489238.40333, 226.46045
92749.87481,539267.72211,1347716.45209,489238.40333, 226.46045
92749.87481,539267.72211,1347716.45209,489238.40333, 226.46045
92749.87481,539267.72211,1347716.45209,489238.40333, 226.46045
92749.87481,539267.72211,1347716.45209,489238.40333, 226.46045
92749.87481,539267.72211,1347716.45209,489238.40333, 226.46045
92749.87481,539267.72211,1347716.45209,489238.40333, 226.46045
92749.87481,539267.72211,1347716.45209,489238.40333, 226.46045
92749.87481,539267.72211,1347716.45209,489238.40333, 226.46045
92749.87481,539267.72211,1347716.45209,489238.40333, 226.46045
92749.87481,539267.72211,1347716.45209,489238.40333, 226.46045
92749.87481,539267.72211,1347716.45209,489238.40333, 226.46045
92749.87481,539267.72211,1347716.45209,489238.40333, 226.46045
92749.87481,539267.72211,1347716.45209,489238.40333, 226.46045
92749.87481,539267.72211,1347716.45209,489238.40333, 226.46045
92749.87481,539267.72211,1347716.45209,489238.40333, 226.46045
92749.87481,539267.72211,1347716.45209,489238.40333, 226.46045
92749.87481,539267.72211,1347716.45209,489238.40333, 226.46045
92749.87481,539267.72211,1347716.45209,489238.40333, 226.46045
92749.87481,539267.72211,1347716.45209,489238.40333, 226.46045
92749.87481,539267.72211,1347716.45209,489238.40333, 226.46045
92749.87481,539267.72211,1347716.45209,489238.40333, 226.46045
92749.87481,539267.72211,1347716.45209,489238.40333, 226.46045
92749.87481,539267.72211,1347716.45209,489238.40333, 226.46045
92749.87481,539267.72211,1347716.45209,489238.40333, 226.46045
92749.87481,539267.72211,1347716.45209,489238.40333, 226.46045
92749.87481,539267.72211,1347716.45209,489238.40333, 226.46045
92749.87481,539267.72211,1347716.45209,489238.40333, 226.46045
92749.87481,539267.72211,1347716.45209,489238.40333, 226.46045
92749.87481,539267.72211,1347716.45209,489238.40333, 226.46045
92749.87481,539267.72211,1347716.45209,489238.40333, 226.46045
92749.87481,539267.72211,1347716.45209,489238.40333, 226.46045
92749.87481,539267.72211,1347716.45209,489238.40333, 226.46045
92749.87481,539267.72211,1347716.45209,489238.40333, 226.46045
92749.87481,539267.72211,1347716.45209,489238.40333, 226.46045
92749.87481,539267.72211,1347716.45209,489238.40333, 226.46045
92749.87481,539267.72211,1347716.45209,489238.40333, 226.46045
92749.87481,539267.72211,1347716.45209,489238.40333, 226.46045
92749.87481,539267.72211,1347716.45209,489238.40333, 226.46045
92749.87481,539267.72211,1347716.45209,489238.40333, 226.46045
92749.87481,539267.72211,1347716.45209,489238.40333, 226.46045
92749.87481,539267.72211,1347716.45209,489238.40333, 226.46045
92749.87481,539267.72211,1347716.45209,489238.40333, 226.46045
92749.87481,539267.72211,1347716.45209,489238.40333, 226.46045
92749.87481,539267.72211,1347716.45209,489238.40333, 226.46045
92749.87481,539267.72211,1347716.45209,489238.40333, 226.46045
92749.87481,539267.72211,1347716.45209,489238.40333, 226.46045
92749.87481,539267.72211,1347716.45209,489238.40333, 226.46045
92749.87481,539267.72211,1347716.45209,489238.40333, 226.46045
92749.87481,539267.72211,1347716.45209,489238.40333, 226.46045
92749.87481,539267.72211,1347716.45209,489238.40333, 226.46045
92749.87481,539267.72211,1347716.45209,489238.40333, 226.46045
92749.87481,539267.72211,1347716.45209,489238.40333, 226.46045
92749.87481,539267.72211,1347716.45209,489238.40333, 226.46045
92749.87481,539267.72211,1347716.45209,489238.40333, 226.46045
92749.87481,539267.72211,1347716.45209,489238.40333, 226.46045
92749.87481,539267.72211,1347716.45209,489238.40333, 226.46045
92749.87481,539267.72211,1347716.45209,489238.40333, 226.46045
92749.87481,539267.72211,1347716.45209,489238.40333, 226.46045
92749.87481,539267.72211,1347716.45209,489238.40333, 226.46045
92749.87481,539267.72211,1347716.45209,489238.40333, 226.46045
92749.87481,539267.72211,1347716.45209,489238.40333, 226.46045
87768.01142,266132.06812,4900014.28127,489238.40333,4056.87580
87768.01142,266132.06812,4900014.28127,489238.40333,4056.87580
87768.01142,266132.06812,4900014.28127,489238.40333,4056.87580
87768.01142,266132.06812,4900014.28127,489238.40333,4056.87580
87768.01142,266132.06812,4900014.28127,489238.40333,4056.87580
87768.01142,266132.06812,4900014.28127,489238.40333,4056.87580
87768.01142,266132.06812,4900014.28127,489238.40333,4056.87580
87768.01142,266132.06812,4900014.28127,489238.40333,4056.87580
87768.01142,266132.06812,4900014.28127,489238.40333,4056.87580
87768.01142,266132.06812,4900014.28127,489238.40333,4056.87580
87768.01142,266132.06812,4900014.28127,489238.40333,4056.87580
87768.01142,266132.06812,4900014.28127,489238.40333,4056.87580
87768.01142,266132.06812,4900014.28127,489238.40333,4056.87580
87768.01142,266132.06812,4900014.28127,489238.40333,4056.87580
87768.01142,266132.06812,4900014.28127,489238.40333,4056.87580
87768.01142,266132.06812,4900014.28127,489238.40333,4056.87580
87768.01142,266132.06812,4900014.28127,489238.40333,4056.87580
87768.01142,266132.06812,4900014.28127,489238.40333,4056.87580
87768.01142,266132.06812,4900014.28127,489238.40333,4056.87580
87768.01142,266132.06812,4900014.28127,489238.40333,4056.87580
87768.01142,266132.06812,4900014.28127,489238.40333,4056.87580
87768.01142,266132.06812,4900014.28127,489238.40333,4056.87580
87768.01142,266132.06812,4900014.28127,489238.40333,4056.87580
87768.01142,266132.06812,4900014.28127,489238.40333,4056.87580
87768.01142,266132.06812,4900014.28127,489238.40333,4056.87580
87768.01142,266132.06812,4900014.28127,489238.40333,4056.87580
87768.01142,266132.06812,4900014.28127,489238.40333,4056.87580
87768.01142,266132.06812,4900014.28127,489238.40333,4056.87580
87768.01142,266132.06812,4900014.28127,489238.40333,4056.87580
87768.01142,266132.06812,4900014.28127,489238.40333,4056.87580
87768.01142,266132.06812,4900014.28127,489238.40333,4056.87580
87768.01142,266132.06812,4900014.28127,489238.40333,4056.87580
87768.01142,266132.06812,4900014.28127,489238.40333,4056.87580
87768.01142,266132.06812,4900014.28127,489238.40333,4056.87580
87768.01142,266132.06812,4900014.28127,489238.40333,4056.87580
87768.01142,266132.06812,4900014.28127,489238.40333,4056.87580
87768.01142,266132.06812,4900014.28127,489238.40333,4056.87580
87768.01142,266132.06812,4900014.28127,489238.40333,4056.87580
87768.01142,266132.06812,4900014.28127,489238.40333,4056.87580
87768.01142,266132.06812,4900014.28127,489238.40333,4056.87580
87768.01142,266132.06812,4900014.28127,489238.40333,4056.87580
87768.01142,266132.06812,4900014.28127,489238.40333,4056.87580
87768.01142,266132.06812,4900014.28127,489238.40333,4056.87580
87768.01142,266132.06812,4900014.28127,489238.40333,4056.87580
87768.01142,266132.06812,4900014.28127,489238.40333,4056.87580
87768.01142,266132.06812,4900014.28127,489238.40333,4056.87580
87768.01142,266132.06812,4900014.28127,489238.40333,4056.87580
87768.01142,266132.06812,4900014.28127,489238.40333,4056.87580
87768.01142,266132.06812,4900014.28127,489238.40333,4056.87580
87768.01142,266132.06812,4900014.28127,489238.40333,4056.87580
87768.01142,266132.06812,4900014.28127,489238.40333,4056.87580
87768.01142,266132.06812,4900014.28127,489238.40333,4056.87580
87768.01142,266132.06812,4900014.28127,489238.40333,4056.87580
87768.01142,266132.06812,4900014.28127,489238.40333,4056.87580
87768.01142,266132.06812,4900014.28127,489238.40333,4056.87580
87768.01142,266132.06812,4900014.28127,489238.40333,4056.87580
87768.01142,266132.06812,4900014.28127,489238.40333,4056.87580
87768.01142,266132.06812,4900014.28127,489238.40333,4056.87580
87768.01142,266132.06812,4900014.28127,489238.40333,4056.87580
87768.01142,266132.06812,4900014.28127,489238.40333,4056.87580
87768.01142,266132.06812,4900014.28127,489238.40333,4056.87580
87768.01142,266132.06812,4900014.28127,489238.40333,4056.87580
87768.01142,266132.06812,4900014.28127,489238.40333,4056.87580
87768.01142,266132.06812,4900014.28127,489238.40333,4056.87580
87768.01142,266132.06812,4900014.28127,489238.40333,4056.87580
87768.01142,266132.06812,4900014.28127,489238.40333,4056.87580
87768.01142,266132.06812,4900014.28127,489238.40333,4056.87580
87768.01142,266132.06812,4900014.28127,489238.40333,4056.87580
87768.01142,266132.06812,4900014.28127,489238.40333,4056.87580
87768.01142,266132.06812,4900014.28127,489238.40333,4056.87580
87768.01142,266132.06812,4900014.28127,489238.40333,4056.87580
87768.01142,266132.06812,4900014.28127,489238.40333,4056.87580
87768.01142,266132.06812,4900014.28127,489238.40333,4056.87580
87768.01142,266132.06812,4900014.28127,489238.40333,4056.87580
87768.01142,266132.06812,4900014.28127,489238.40333,4056.87580
87768.01142,266132.06812,4900014.28127,489238.40333,4056.87580
87768.01142,266132.06812,4900014.28127,489238.40333,4056.87580
87768.01142,266132.06812,4900014.28127,489238.40333,4056.87580
87768.01142,266132.06812,4900014.28127,489238.40333,4056.87580
87768.01142,266132.06812,4900014.28127,489238.40333,4056.87580
87768.01142,266132.06812,4900014.28127,489238.40333,4056.87580
87768.01142,266132.06812,4900014.28127,489238.40333,4056.87580
87768.01142,266132.06812,4900014.28127,489238.40333,4056.87580
87768.01142,266132.06812,4900014.28127,489238.40333,4056.87580
87768.01142,266132.06812,4900014.28127,489238.40333,4056.87580
87768.01142,266132.06812,4900014.28127,489238.40333,4056.87580
87768.01142,266132.06812,4900014.28127,489238.40333,4056.87580
87768.01142,266132.06812,4900014.28127,489238.40333,4056.87580
87768.01142,266132.06812,4900014.28127,489238.40333,4056.87580
87768.01142,266132.06812,4900014.28127,489238.40333,4056.87580
87768.01142,266132.06812,4900014.28127,489238.40333,4056.87580
87768.01142,266132.06812,4900014.28127,489238.40333,4056.87580
87768.01142,266132.06812,4900014.28127,489238.40333,4056.87580
87768.01142,266132.06812,4900014.28127,489238.40333,4056.87580
87768.01142,266132.06812,4900014.28127,489238.40333,4056.87580
87768.01142,266132.06812,4900014.28127,489238.40333,4056.87580
87768.01142,266132.06812,4900014.28127,489238.40333,4056.87580
87768.01142,266132.06812,4900014.28127,489238.40333,4056.87580
87768.01142,266132.06812,4900014.28127,489238.40333,4056.87580
87768.01142,266132.06812,4900014.28127,489238.40333,4056.87580
87768.01142,266132.06812,4900014.28127,489238.40333,4056.87580
87768.01142,266132.06812,4900014.28127,489238.40333,4056.87580
87768.01142,266132.06812,4900014.28127,489238.40333,4056.87580
87768.01142,266132.06812,4900014.28127,489238.40333,4056.87580
87768.01142,266132.06812,4900014.28127,489238.40333,4056.87580
87768.01142,266132.06812,4900014.28127,489238.40333,4056.87580
87768.01142,266132.06812,4900014.28127,489238.40333,4056.87580
87768.01142,266132.06812,4900014.28127,489238.40333,4056.87580
87768.01142,266132.06812,4900014.28127,489238.40333,4056.87580
87768.01142,266132.06812,4900014.28127,489238.40333,4056.87580
87768.01142,266132.06812,4900014.28127,489238.40333,4056.87580
87768.01142,266132.06812,4900014.28127,489238.40333,4056.87580
87768.01142,266132.06812,4900014.28127,489238.40333,4056.87580
87768.01142,266132.06812,4900014.28127,489238.40333,4056.87580
87768.01142,266132.06812,4900014.28127,489238.40333,4056.87580
87768.01142,266132.06812,4900014.28127,489238.40333,4056.87580
87768.01142,266132.06812,4900014.28127,489238.40333,4056.87580
87768.01142,266132.06812,4900014.28127,489238.40333,4056.87580
87768.01142,266132.06812,4900014.28127,489238.40333,4056.87580
87768.01142,266132.06812,4900014.28127,489238.40333,4056.87580
87768.01142,266132.06812,4900014.28127,489238.40333,4056.87580
87768.01142,266132.06812,4900014.28127,489238.40333,4056.87580
87768.01142,266132.06812,4900014.28127,489238.40333,4056.87580
87768.01142,266132.06812,4900014.28127,489238.40333,4056.87580
87768.01142,266132.06812,4900014.28127,489238.40333,4056.87580
87768.01142,266132.06812,4900014.28127,489238.40333,4056.87580
87768.01142,266132.06812,4900014.28127,489238.40333,4056.87580
87768.01142,266132.06812,4900014.28127,489238.40333,4056.87580
87768.01142,266132.06812,4900014.28127,489238.40333,4056.87580
87768.01142,266132.06812,4900014.28127,489238.40333,4056.87580
87768.01142,266132.06812,4900014.28127,489238.40333,4056.87580
87768.01142,266132.06812,4900014.28127,489238.40333,4056.87580
87768.01142,266132.06812,4900014.28127,489238.40333,4056.87580
87768.01142,266132.06812,4900014.28127,489238.40333,4056.87580
87768.01142,266132.06812,4900014.28127,489238.40333,4056.87580
87768.01142,266132.06812,4900014.28127,489238.40333,4056.87580
87768.01142,266132.06812,4900014.28127,489238.40333,4056.87580
87768.01142,266132.06812,4900014.28127,489238.40333,4056.87580
87768.01142,266132.06812,4900014.28127,489238.40333,4056.87580
87768.01142,266132.06812,4900014.28127,489238.40333,4056.87580
87768.01142,266132.06812,4900014.28127,489238.40333,4056.87580
87768.01142,266132.06812,4900014.28127,489238.40333,4056.87580
87768.01142,266132.06812,4900014.28127,489238.40333,4056.87580
87768.01142,266132.06812,4900014.28127,489238.40333,4056.87580
87768.01142,266132.06812,4900014.28127,489238.40333,4056.87580
87768.01142,266132.06812,4900014.28127,489238.40333,4056.87580
87768.01142,266132.06812,4900014.28127,489238.40333,4056.87580
87768.01142,266132.06812,4900014.28127,489238.40333,4056.87580
87768.01142,266132.06812,4900014.28127,489238.40333,4056.87580
87768.01142,266132.06812,4900014.28127,489238.40333,4056.87580
87768.01142,266132.06812,4900014.28127,489238.40333,4056.87580
87768.01142,266132.06812,4900014.28127,489238.40333,4056.87580
87768.01142,266132.06812,4900014.28127,489238.40333,4056.87580
87768.01142,266132.06812,4900014.28127,489238.40333,4056.87580
87768.01142,266132.06812,4900014.28127,489238.40333,4056.87580
87768.01142,266132.06812,4900014.28127,489238.40333,4056.87580
87768.01142,266132.06812,4900014.28127,489238.40333,4056.87580
87768.01142,266132.06812,4900014.28127,489238.40333,4056.87580
87768.01142,266132.06812,4900014.28127,489238.40333,4056.87580
87768.01142,266132.06812,4900014.28127,489238.40333,4056.87580
87768.01142,266132.06812,4900014.28127,489238.40333,4056.87580
87768.01142,266132.06812,4900014.28127,489238.40333,4056.87580
87768.01142,266132.06812,4900014.28127,489238.40333,4056.87580
87768.01142,266132.06812,4900014.28127,489238.40333,4056.87580
87768.01142,266132.06812,4900014.28127,489238.40333,4056.87580
87768.01142,266132.06812,4900014.28127,489238.40333,4056.87580
87768.01142,266132.06812,4900014.28127,489238.40333,4056.87580
87768.01142,266132.06812,4900014.28127,489238.40333,4056.87580
87768.01142,266132.06812,4900014.28127,489238.40333,4056.87580
87768.01142,266132.06812,4900014.28127,489238.40333,4056.87580
87768.01142,266132.06812,4900014.28127,489238.40333,4056.87580
87768.01142,266132.06812,4900014.28127,489238.40333,4056.87580
87768.01142,266132.06812,4900014.28127,489238.40333,4056.87580
87768.01142,266132.06812,4900014.28127,489238.40333,4056.87580
87768.01142,266132.06812,4900014.28127,489238.40333,4056.87580
87768.01142,266132.06812,4900014.28127,489238.40333,4056.87580
87768.01142,266132.06812,4900014.28127,489238.40333,4056.87580
87768.01142,266132.06812,4900014.28127,489238.40333,4056.87580
87768.01142,266132.06812,4900014.28127,489238.40333,4056.87580
87768.01142,266132.06812,4900014.28127,489238.40333,4056.87580
87768.01142,266132.06812,4900014.28127,489238.40333,4056.87580
87768.01142,266132.06812,4900014.28127,489238.40333,4056.87580
87768.01142,266132.06812,4900014.28127,489238.40333,4056.87580
87768.01142,266132.06812,4900014.28127,489238.40333,4056.87580
87768.01142,266132.06812,4900014.28127,489238.40333,4056.87580
87768.01142,266132.06812,4900014.28127,489238.40333,4056.87580
87768.01142,266132.06812,4900014.28127,489238.40333,4056.87580
87768.01142,266132.06812,4900014.28127,489238.40333,4056.87580
87768.01142,266132.06812,4900014.28127,489238.40333,4056.87580
87768.01142,266132.06812,4900014.28127,489238.40333,4056.87580
87768.01142,266132.06812,4900014.28127,489238.40333,4056.87580
87768.01142,266132.06812,4900014.28127,489238.40333,4056.87580
