0,0,0,0,0,0,0,0,0,0,0,0,0,0
-1,1,1,0,1,1,1,1,1,0,0,0,5,1000
-1,1,1,0,1,1,1,1,1,0,1,0,5,2000
1,1,1,0,1,-1,1,1,1,0,1,0,1,3000
1,1,1,0,1,-1,1,1,1,0,1,0,2,4000
1,1,1,1,1,1,1,1,1,1,1,0,20,5000
1,1,1,0,1,-1,1,1,1,0,0,0,1,6000
1,1,1,0,1,-1,1,1,1,0,1,0,1,7000
1,1,1,1,1,1,1,1,1,0,1,0,20,8000
1,1,1,0,1,-1,1,1,1,0,1,0,2,9000
1,1,1,0,1,-1,1,1,1,0,0,0,1,10000
1,1,1,0,-1,1,1,1,1,0,0,0,2,11000
1,1,1,0,1,1,1,1,1,0,0,0,6,12000
1,1,1,1,1,1,1,1,1,0,1,0,20,13000
1,1,1,1,1,1,1,1,1,1,1,0,20,14000
1,1,1,1,1,1,1,1,1,0,1,0,20,15000
1,1,1,1,1,1,1,1,1,0,0,0,20,16000
1,1,1,1,1,1,1,1,1,1,1,0,20,17000
1,1,1,1,1,1,1,1,1,0,1,0,20,18000
1,1,1,1,1,1,1,1,1,1,1,0,20,19000
1,1,1,0,1,-1,1,1,1,0,0,0,2,20000
1,1,1,1,1,1,1,1,1,1,1,1,20,21000
1,1,1,1,1,1,1,1,1,1,1,0,20,22000
1,1,1,0,1,-1,1,1,1,0,0,0,2,23000
1,1,1,0,1,-1,1,1,1,0,1,0,1,24000
1,1,1,0,1,-1,1,1,1,0,1,0,2,25000
1,1,1,1,1,1,1,1,1,0,1,0,20,26000
1,1,1,0,-1,1,1,1,1,0,0,0,2,27000
1,1,1,0,1,-1,1,1,1,0,1,0,2,28000
1,1,1,1,1,1,1,1,1,0,0,0,20,29000
1,1,1,0,1,-1,1,1,1,0,1,0,1,30000
1,1,1,0,1,-1,1,1,1,0,0,0,1,31000
1,1,1,0,-1,1,1,1,1,0,0,0,1,32000
1,1,1,1,1,1,1,1,1,0,1,0,9,33000
1,1,1,0,1,-1,1,1,1,0,1,0,1,34000
1,1,1,0,1,-1,1,1,1,0,1,0,2,35000
1,1,1,1,1,1,1,1,1,0,1,0,20,36000
1,1,1,1,1,1,1,1,1,0,1,0,20,37000
1,1,1,0,1,-1,1,1,1,0,0,0,1,38000
1,1,1,0,1,1,1,1,1,0,0,0,20,39000
1,1,1,0,1,-1,1,1,1,0,0,0,2,40000
-1,1,1,0,1,1,1,1,1,0,0,0,12,41000
1,1,1,1,1,1,1,1,1,1,1,0,20,42000
1,1,1,1,1,1,1,1,1,0,1,0,20,43000
1,1,1,0,1,-1,1,1,1,0,1,0,1,44000
1,1,1,0,1,-1,1,1,1,0,1,0,2,45000
1,1,1,0,1,-1,1,1,1,0,0,0,1,46000
1,1,1,1,1,1,1,1,1,0,1,1,20,47000
1,1,1,1,1,1,1,1,1,0,1,0,20,48000
1,1,1,0,1,-1,1,1,1,0,1,0,2,49000
1,1,1,1,1,1,1,1,1,0,0,0,20,50000
1,1,1,1,1,1,1,1,1,0,0,0,20,51000
1,1,1,1,1,1,1,1,1,1,1,0,20,52000
1,1,1,0,1,-1,1,1,1,0,1,0,2,53000
1,1,1,0,1,-1,1,1,1,0,1,0,2,54000
1,1,1,1,1,1,1,1,1,0,0,0,20,55000
1,1,1,1,1,1,1,1,1,1,0,1,20,56000
-1,1,1,1,1,1,1,1,1,0,1,0,15,57000
1,1,1,0,1,-1,1,1,1,0,1,0,1,58000
1,1,1,1,1,1,1,1,1,1,1,0,20,59000
1,1,1,0,1,-1,1,1,1,0,0,0,1,60000
1,1,1,1,1,1,1,1,1,0,0,0,20,61000
1,1,1,1,1,1,1,1,1,0,1,0,20,62000
1,1,1,1,1,1,1,1,1,1,1,0,20,63000
1,1,1,1,1,1,1,1,1,1,1,0,20,64000
1,1,1,0,1,-1,1,1,1,0,1,0,2,65000
1,1,1,0,1,-1,1,1,1,0,1,0,2,66000
1,1,1,1,1,1,1,1,1,1,1,0,20,67000
1,1,1,0,-1,1,1,1,1,0,0,0,2,68000
1,1,1,0,1,-1,1,1,1,0,0,0,1,69000
1,1,1,1,1,1,1,1,1,0,0,0,20,70000
1,1,1,0,1,1,1,1,1,0,0,0,20,71000
1,1,1,0,1,-1,1,1,1,0,0,0,1,72000
-1,1,1,1,1,1,1,1,1,0,0,0,15,73000
1,1,1,1,1,1,1,1,1,0,1,1,20,74000
1,1,1,1,1,1,1,1,1,0,0,0,20,75000
1,1,1,0,1,-1,1,1,1,0,1,0,1,76000
1,1,1,1,1,1,1,1,1,0,1,1,20,77000
1,1,1,0,-1,1,1,1,1,0,0,0,2,78000
1,1,1,1,1,1,1,1,1,0,0,0,20,79000
1,1,1,0,1,-1,1,1,1,0,0,0,1,80000
1,1,1,1,1,1,1,1,1,1,1,1,20,81000
1,1,1,1,1,1,1,1,1,0,0,0,20,82000
1,1,1,1,1,1,1,1,1,1,1,0,20,83000
1,1,1,0,-1,1,1,1,1,0,0,0,1,84000
1,1,1,1,1,1,1,1,1,1,1,0,20,85000
1,1,1,1,1,1,1,1,1,0,0,0,20,86000
1,1,1,1,1,1,1,1,1,0,1,0,20,87000
1,1,1,0,1,-1,1,1,1,0,0,0,2,88000
1,1,1,0,1,-1,1,1,1,0,0,0,2,89000
1,1,1,1,1,1,1,1,1,0,1,0,20,90000
1,1,1,0,1,-1,1,1,1,0,0,0,2,91000
1,1,1,1,1,1,1,1,1,1,0,0,20,92000
1,1,1,1,1,1,1,1,1,0,1,0,20,93000
1,1,1,0,1,-1,1,1,1,0,1,0,2,94000
1,1,1,1,1,1,-1,1,1,1,1,0,15,95000
1,1,1,1,1,1,1,1,1,0,0,0,20,96000
1,1,1,1,1,1,1,1,1,1,1,0,20,97000
1,1,1,0,1,-1,1,1,1,0,1,0,1,98000
1,1,1,1,1,1,1,1,1,1,1,0,20,99000
1,1,1,1,1,1,1,1,1,0,0,0,20,100000
1,1,1,1,1,1,1,1,1,0,0,0,20,101000
1,1,1,0,1,-1,1,1,1,0,1,0,1,102000
1,1,1,0,1,-1,1,1,1,0,1,0,2,103000
1,1,1,0,1,-1,1,1,1,0,0,0,1,104000
1,1,1,1,1,1,1,1,1,1,1,0,20,105000
1,1,1,1,1,1,1,1,1,1,1,0,20,106000
1,1,1,0,1,-1,1,1,1,0,1,0,1,107000
1,1,1,0,-1,1,1,1,1,0,0,0,2,108000
1,1,1,0,1,-1,1,1,1,0,0,0,1,109000
1,1,1,1,1,1,1,1,1,0,0,0,20,110000
1,1,1,1,1,1,1,1,1,1,1,0,20,111000
1,1,1,1,1,1,1,1,1,0,0,0,20,112000
1,1,1,0,1,-1,1,1,1,0,1,0,1,113000
-1,1,1,1,1,1,1,1,1,1,1,0,15,114000
-1,1,1,1,1,1,1,1,1,0,0,0,15,115000
1,1,1,1,1,1,1,1,1,1,1,0,20,116000
1,1,1,0,1,-1,1,1,1,0,1,0,2,117000
1,1,1,0,1,-1,1,1,1,0,1,0,1,118000
1,1,1,0,1,-1,1,1,1,0,1,0,1,119000
1,1,1,1,1,1,1,1,1,1,1,0,20,120000
1,1,1,1,1,1,1,1,1,0,1,0,20,121000
1,1,1,0,-1,1,1,1,1,0,0,0,1,122000
1,1,1,1,1,1,1,1,1,1,1,0,20,123000
1,1,1,1,1,1,1,1,1,0,1,0,20,124000
1,1,1,0,1,-1,1,1,1,0,1,0,1,125000
1,1,1,1,1,1,1,1,1,1,1,0,20,126000
1,1,1,0,1,-1,1,1,1,0,1,0,1,127000
1,1,1,0,1,-1,1,1,1,0,1,0,2,128000
1,1,1,1,1,1,1,1,1,1,1,0,20,129000
1,1,1,1,1,1,1,1,1,1,1,0,20,130000
1,1,1,1,1,1,1,1,1,1,0,0,20,131000
1,1,1,0,1,-1,1,1,1,0,1,0,2,132000
1,1,1,0,1,-1,1,1,1,0,0,0,1,133000
1,1,1,1,1,1,1,1,1,0,0,0,20,134000
1,1,1,1,1,1,1,1,1,1,1,0,20,135000
1,1,1,0,1,-1,1,1,1,0,0,0,2,136000
1,1,1,1,1,1,1,1,1,0,0,0,20,137000
1,1,1,1,1,1,1,1,1,1,1,0,20,138000
1,1,1,1,1,1,1,1,1,1,1,0,20,139000
1,1,1,1,1,1,1,1,1,1,1,0,20,140000
1,1,1,0,1,-1,1,1,1,0,0,0,1,141000
1,1,1,1,1,1,1,1,1,1,1,1,20,142000
1,1,1,0,1,-1,1,1,1,0,0,0,2,143000
1,1,1,1,1,1,1,1,1,0,0,0,20,144000
-1,1,1,1,1,1,1,1,1,1,1,0,15,145000
1,1,1,0,1,-1,1,1,1,0,1,0,1,146000
1,1,1,0,1,-1,1,1,1,0,1,0,2,147000
1,1,1,0,1,1,1,1,1,0,0,0,9,148000
1,1,1,1,1,1,1,1,1,1,1,0,20,149000
1,1,1,0,1,-1,1,1,1,0,1,0,2,150000
1,1,1,1,1,1,1,1,1,0,1,0,20,151000
1,1,1,1,1,1,1,1,1,1,1,0,20,152000
1,1,1,1,1,1,1,1,1,0,0,0,20,153000
1,1,1,1,1,1,1,1,1,1,1,1,20,154000
1,1,1,1,1,1,-1,1,1,1,1,0,15,155000
1,1,1,1,1,1,1,1,1,1,1,0,20,156000
1,1,1,1,1,1,1,1,1,1,1,0,20,157000
1,1,1,1,1,1,1,1,1,1,1,0,20,158000
1,1,1,1,1,1,1,1,1,1,1,0,20,159000
1,1,1,0,1,-1,1,1,1,0,0,0,2,160000
1,1,1,0,1,-1,1,1,1,0,0,0,1,161000
1,1,1,0,1,-1,1,1,1,0,1,0,1,162000
1,1,1,1,1,1,1,1,1,1,0,0,20,163000
1,1,1,0,1,-1,1,1,1,0,0,0,2,164000
1,1,1,1,1,1,-1,1,1,1,1,0,15,165000
1,1,1,0,1,-1,1,1,1,0,1,0,1,166000
1,1,1,1,1,1,1,1,1,1,1,0,20,167000
1,1,1,1,1,1,1,1,1,1,1,0,20,168000
1,1,1,1,1,1,-1,1,1,1,1,0,15,169000
1,1,1,0,1,-1,1,1,1,0,0,0,2,170000
1,1,1,0,1,-1,1,1,1,0,1,0,2,171000
1,1,1,0,1,-1,1,1,1,0,0,0,1,172000
1,1,1,1,1,1,1,1,1,1,1,0,20,173000
1,1,1,1,1,1,1,1,1,1,1,0,20,174000
1,1,1,1,1,1,1,1,1,1,1,0,20,175000
1,1,1,1,1,1,1,1,1,1,1,0,20,176000
1,1,1,0,1,-1,1,1,1,0,0,0,1,177000
1,1,1,1,1,1,1,1,1,0,1,0,20,178000
1,1,1,1,1,1,1,1,1,1,1,0,20,179000
1,1,1,1,1,1,1,1,1,1,1,0,20,180000
1,1,1,1,1,1,1,1,1,1,1,0,20,181000
1,1,1,0,1,-1,1,1,1,0,0,0,2,182000
-1,1,1,1,1,1,1,1,1,1,0,0,15,183000
1,1,1,1,1,1,1,1,1,0,0,0,20,184000
1,1,1,0,1,-1,1,1,1,0,0,0,1,185000
1,1,1,0,1,-1,1,1,1,0,0,0,2,186000
1,1,1,1,1,1,1,1,1,0,1,0,20,187000
1,1,1,0,1,-1,1,1,1,0,1,0,1,188000
1,1,1,0,1,-1,1,1,1,0,1,0,1,189000
1,1,1,1,1,1,1,1,1,1,1,0,20,190000
1,1,1,0,1,-1,1,1,1,0,1,0,1,191000
1,1,1,1,1,1,1,1,1,0,1,0,20,192000
1,1,1,0,1,-1,1,1,1,0,0,0,1,193000
1,1,1,1,1,1,1,1,1,1,1,0,20,194000
1,1,1,0,1,-1,1,1,1,0,1,0,2,195000
1,1,1,1,1,1,1,1,1,1,1,0,20,196000
1,1,1,0,1,-1,1,1,1,0,1,0,2,197000
1,1,1,0,1,-1,1,1,1,0,1,0,2,198000
-1,1,1,1,1,1,1,1,1,1,0,0,15,199000
1,1,1,0,1,-1,1,1,1,1,1,0,2,200000
1,1,1,0,1,-1,1,1,1,0,1,0,1,201000
1,1,1,1,1,1,1,1,1,1,1,0,20,202000
1,1,1,0,1,-1,1,1,1,0,1,0,1,203000
1,1,1,1,1,1,1,1,1,0,0,0,20,204000
1,1,1,1,1,1,1,1,1,1,1,0,20,205000
1,1,1,0,1,1,1,1,-1,1,1,0,5,206000
1,1,1,0,1,-1,1,1,1,0,0,0,2,207000
1,1,1,0,1,-1,1,1,1,0,1,0,1,208000
1,1,1,0,1,-1,1,1,1,0,0,0,2,209000
1,1,1,1,1,1,1,1,1,1,1,0,20,210000
1,1,1,1,1,1,1,1,1,1,1,0,20,211000
1,1,1,1,1,1,1,1,1,0,1,0,20,212000
1,1,1,0,1,-1,1,1,1,0,1,0,2,213000
1,1,1,1,1,1,1,1,1,1,1,0,20,214000
1,1,1,0,1,-1,1,1,1,0,1,0,2,215000
1,1,1,1,1,1,1,1,1,1,1,0,20,216000
1,1,1,1,1,1,1,1,1,1,1,0,20,217000
1,1,1,0,1,-1,1,1,1,0,1,0,2,218000
1,1,1,1,1,1,1,1,1,0,0,0,20,219000
1,1,1,0,-1,1,1,1,1,0,0,0,2,220000
1,1,1,0,1,-1,1,1,1,0,0,0,1,221000
1,1,1,1,1,1,1,1,1,1,1,0,20,222000
1,1,1,1,1,1,1,1,1,1,1,0,20,223000
1,1,1,1,1,1,1,1,1,1,1,0,20,224000
1,1,1,1,1,1,1,1,1,1,1,0,20,225000
1,1,1,0,1,-1,1,1,1,0,0,0,2,226000
1,1,1,1,1,1,1,1,1,1,1,0,20,227000
1,1,1,1,1,1,1,1,1,1,0,0,20,228000
1,1,1,1,1,1,1,1,1,1,1,0,20,229000
1,1,1,0,1,-1,1,1,1,0,1,0,1,230000
1,1,1,0,1,-1,1,1,1,0,0,0,2,231000
1,1,1,1,1,1,1,1,1,0,0,0,20,232000
1,1,1,0,1,-1,1,1,1,0,1,0,2,233000
1,1,1,1,1,1,1,1,1,1,1,0,20,234000
1,1,1,1,1,1,1,1,1,1,1,0,20,235000
1,1,1,0,1,-1,1,1,1,0,1,0,1,236000
1,1,1,1,1,1,1,1,1,1,1,0,20,237000
1,1,1,0,1,-1,1,1,1,0,0,0,2,238000
1,1,1,1,1,1,1,1,1,0,0,0,20,239000
1,1,1,0,1,-1,1,1,1,0,1,0,1,240000
1,1,1,1,1,1,1,1,1,1,1,0,20,241000
1,1,1,1,1,1,1,1,1,0,1,0,20,242000
1,1,1,1,1,1,1,1,1,0,0,0,20,243000
1,1,1,0,1,-1,1,1,1,0,0,0,1,244000
1,1,1,0,1,-1,1,1,1,0,1,0,2,245000
1,1,1,0,1,-1,1,1,1,0,1,0,1,246000
1,1,1,1,1,1,1,1,1,0,0,0,20,247000
1,1,1,1,1,1,1,1,1,1,1,0,20,248000
1,1,1,0,1,-1,1,1,1,0,0,0,1,249000
1,1,1,1,1,1,1,1,1,1,1,0,20,250000
1,1,1,1,1,1,1,1,1,0,1,0,20,251000
1,1,1,1,1,1,1,1,1,1,0,0,20,252000
1,1,1,1,1,1,1,1,1,0,0,0,20,253000
1,1,1,0,1,-1,1,1,1,0,0,0,1,254000
1,1,1,1,1,1,1,1,1,1,1,0,20,255000
1,1,1,0,1,-1,1,1,1,0,1,0,1,256000
1,1,1,1,1,1,1,1,1,1,0,0,20,257000
1,1,1,1,1,1,1,1,1,1,1,0,20,258000
-1,1,1,1,1,1,1,1,1,1,1,0,15,259000
1,1,1,1,1,1,1,1,1,1,0,0,20,260000
1,1,1,1,1,1,1,1,1,1,0,0,20,261000
1,1,1,1,1,1,1,1,1,1,1,0,20,262000
1,1,1,0,1,-1,1,1,1,0,1,0,2,263000
1,1,1,1,1,1,1,1,1,0,0,0,20,264000
1,1,1,1,1,1,1,1,1,1,1,0,20,265000
1,1,1,0,1,-1,1,1,1,0,1,0,1,266000
1,1,1,1,1,1,1,1,1,0,0,0,20,267000
1,1,1,1,1,1,1,1,1,0,1,0,20,268000
1,1,1,0,1,-1,1,1,1,0,1,0,2,269000
1,1,1,1,1,1,1,1,1,1,1,0,20,270000
1,1,1,1,1,1,1,1,1,1,1,0,20,271000
1,1,1,0,1,-1,1,1,1,0,0,0,1,272000
1,1,1,1,1,1,1,1,1,1,1,0,20,273000
1,1,1,1,1,1,1,1,1,1,0,0,20,274000
1,1,1,1,1,1,1,1,1,1,1,0,20,275000
1,1,1,0,1,-1,1,1,1,0,1,0,1,276000
1,1,1,0,1,-1,1,1,1,0,1,0,2,277000
1,1,1,1,1,1,1,1,1,1,1,0,20,278000
1,1,1,1,1,1,1,1,1,1,1,0,20,279000
1,1,1,1,1,1,1,1,1,1,1,0,20,280000
1,1,1,1,1,1,1,1,1,1,0,0,20,281000
1,1,1,1,1,1,1,1,1,1,1,0,20,282000
1,1,1,1,1,1,1,1,1,1,1,0,20,283000
1,1,1,1,1,1,1,1,1,0,1,0,20,284000
1,1,1,1,1,1,1,1,1,1,0,0,20,285000
1,1,1,1,1,1,1,1,1,1,0,0,20,286000
-1,1,1,1,1,1,1,1,1,0,0,0,13,287000
1,1,1,0,1,-1,1,1,1,0,0,0,2,288000
1,1,1,1,1,1,1,1,1,1,1,0,20,289000
1,1,1,1,1,1,1,1,1,0,1,0,20,290000
1,1,1,1,1,1,1,1,1,0,0,0,20,291000
1,1,1,1,1,1,1,1,1,1,0,0,20,292000
1,1,1,1,1,1,1,1,1,0,1,0,20,293000
1,1,1,1,1,1,1,1,1,1,1,0,20,294000
1,1,1,0,1,-1,1,1,1,0,0,0,2,295000
1,1,1,1,1,1,1,1,1,0,0,1,20,296000
1,1,1,1,1,1,1,1,1,0,0,0,20,297000
1,1,1,1,1,1,1,1,1,1,1,0,20,298000
1,1,1,0,1,-1,1,1,1,0,0,0,2,299000
1,1,1,0,1,-1,1,1,1,0,1,0,1,300000
1,1,1,1,1,1,1,1,1,1,0,0,20,301000
1,1,1,0,-1,1,1,1,1,0,0,0,1,302000
1,1,1,1,1,1,1,1,1,1,1,0,20,303000
1,1,1,1,1,1,1,1,1,1,1,0,20,304000
1,1,1,1,1,1,1,1,1,0,0,0,20,305000
1,1,1,0,1,-1,1,1,1,0,1,0,1,306000
1,1,1,0,1,-1,1,1,1,0,1,0,2,307000
1,1,1,1,1,1,1,1,1,0,0,0,20,308000
1,1,1,0,1,-1,1,1,1,0,1,0,1,309000
1,1,1,0,1,-1,1,1,1,0,0,0,2,310000
1,1,1,1,1,1,1,1,1,1,1,0,20,311000
1,1,1,1,1,1,1,1,1,0,0,0,20,312000
1,1,1,0,1,-1,1,1,1,0,1,0,1,313000
1,1,1,1,1,1,1,1,1,1,1,0,20,314000
1,1,1,0,1,-1,1,1,1,0,1,0,2,315000
1,1,1,1,1,1,1,1,1,1,1,0,20,316000
1,1,1,0,1,-1,1,1,1,0,1,0,1,317000
1,1,1,0,1,-1,1,1,1,0,0,0,1,318000
1,1,1,1,1,1,1,1,1,1,1,0,20,319000
1,1,1,0,1,-1,1,1,1,0,0,0,2,320000
1,1,1,1,1,1,1,1,1,1,1,0,20,321000
1,1,1,0,1,-1,1,1,1,0,0,0,2,322000
1,1,1,0,1,-1,1,1,1,0,0,0,1,323000
1,1,1,0,1,-1,1,1,1,0,1,0,1,324000
1,1,1,1,1,1,1,1,1,1,1,0,20,325000
1,1,1,0,1,-1,1,1,1,0,0,0,2,326000
1,1,1,1,1,1,-1,1,1,0,1,0,15,327000
1,1,1,1,1,1,1,1,1,1,1,0,20,328000
1,1,1,0,1,-1,1,1,1,0,0,0,2,329000
1,1,1,1,1,1,1,1,1,0,1,0,20,330000
1,1,1,1,1,1,-1,1,1,1,1,0,15,331000
1,1,1,1,1,1,1,1,1,1,1,0,20,332000
1,1,1,1,1,1,1,1,1,1,1,0,20,333000
1,1,1,1,1,1,1,1,1,0,1,0,20,334000
1,1,1,0,1,-1,1,1,1,0,1,0,2,335000
1,1,1,0,-1,1,1,1,1,0,0,0,2,336000
1,1,1,0,1,-1,1,1,1,0,1,0,2,337000
1,1,1,1,1,1,1,1,1,1,1,0,20,338000
1,1,1,1,1,1,1,1,1,1,1,0,20,339000
1,1,1,1,1,1,1,1,1,0,0,0,20,340000
1,1,1,1,1,1,1,1,1,1,1,0,20,341000
1,1,1,1,1,1,1,1,1,0,1,1,20,342000
1,1,1,1,1,1,1,1,1,0,0,0,20,343000
1,1,1,0,1,-1,1,1,1,0,0,0,1,344000
1,1,1,0,-1,1,1,1,1,0,0,0,1,345000
1,1,1,0,1,-1,1,1,1,0,1,0,2,346000
1,1,1,1,1,1,1,1,1,0,1,0,20,347000
1,1,1,1,1,1,1,1,1,1,1,0,20,348000
1,1,1,0,-1,1,1,1,1,0,0,0,1,349000
1,1,1,0,1,-1,1,1,1,0,1,0,1,350000
1,1,1,1,1,1,1,1,1,1,1,0,20,351000
1,1,1,1,1,1,1,1,1,1,1,0,20,352000
1,1,1,0,1,-1,1,1,1,0,1,0,1,353000
1,1,1,1,1,1,1,1,1,0,0,0,20,354000
1,1,1,0,1,-1,1,1,1,0,1,0,1,355000
1,1,1,0,1,-1,1,1,1,0,1,0,1,356000
1,1,1,1,1,1,1,1,1,1,1,0,20,357000
1,1,1,0,-1,1,1,1,1,0,0,0,1,358000
1,1,1,1,1,1,1,1,1,0,0,0,20,359000
1,1,1,1,1,1,1,1,1,1,1,0,20,360000
1,1,1,1,1,1,1,1,1,0,0,0,20,361000
1,1,1,1,1,1,1,1,1,1,1,0,20,362000
1,1,1,0,1,-1,1,1,1,0,1,0,2,363000
1,1,1,0,1,-1,1,1,1,0,1,0,2,364000
1,1,1,1,1,1,1,1,1,0,1,0,20,365000
1,1,1,1,1,1,1,1,1,1,1,0,20,366000
1,1,1,0,1,-1,1,1,1,0,0,0,2,367000
1,1,1,1,1,1,1,1,1,1,1,0,20,368000
1,1,1,1,1,1,1,1,1,1,1,0,20,369000
1,1,1,1,1,1,1,1,1,1,1,0,20,370000
1,1,1,1,1,1,1,1,1,1,1,0,20,371000
1,1,1,1,1,1,1,1,1,1,1,0,20,372000
1,1,1,1,1,1,1,1,1,1,1,0,20,373000
1,1,1,1,1,1,1,1,1,1,1,0,20,374000
1,1,1,1,1,1,1,1,1,1,1,0,20,375000
1,1,1,1,1,1,1,1,1,1,1,0,20,376000
1,1,1,0,1,-1,1,1,1,0,1,0,2,377000
1,1,1,1,1,1,1,1,1,1,1,0,20,378000
1,1,1,0,1,-1,1,1,1,0,1,0,2,379000
1,1,1,1,1,1,-1,1,1,1,1,0,15,380000
1,1,1,0,1,-1,1,1,1,0,1,0,2,381000
1,1,1,0,1,-1,1,1,1,0,1,0,2,382000
1,1,1,1,1,1,1,1,1,1,1,0,20,383000
1,1,1,1,1,1,1,1,1,1,1,0,20,384000
1,1,1,1,1,1,1,1,1,1,1,0,20,385000
1,1,1,1,1,1,1,1,1,1,1,0,20,386000
1,1,1,0,1,-1,1,1,1,0,0,0,1,387000
1,1,1,1,1,1,1,1,1,0,1,0,20,388000
1,1,1,1,1,1,1,1,1,1,1,0,20,389000
1,1,1,1,1,1,1,1,1,1,1,0,20,390000
1,1,1,1,1,1,1,1,1,1,1,0,20,391000
1,1,1,1,1,1,1,1,1,1,1,0,20,392000
1,1,1,0,-1,1,1,1,1,0,0,0,2,393000
1,1,1,1,1,1,1,1,1,1,1,0,20,394000
1,1,1,1,1,1,1,1,1,1,1,0,20,395000
1,1,1,0,1,-1,1,1,1,0,0,0,2,396000
1,1,1,1,1,1,1,1,1,0,1,0,20,397000
1,1,1,1,1,1,1,1,1,0,1,0,20,398000
1,1,1,1,1,1,1,1,1,1,1,0,20,399000
1,1,1,0,1,-1,1,1,1,0,1,0,1,400000
1,1,1,1,1,1,1,1,1,0,1,0,20,401000
1,1,1,0,1,-1,1,1,1,0,1,0,1,402000
1,1,1,1,1,1,1,1,1,1,0,0,20,403000
1,1,1,1,1,1,1,1,1,1,1,0,20,404000
1,1,1,1,1,1,-1,1,1,0,0,0,15,405000
1,1,1,0,1,-1,1,1,1,0,1,0,1,406000
1,1,1,1,1,1,1,1,1,1,1,0,20,407000
1,1,1,1,1,1,1,1,1,1,0,0,20,408000
1,1,1,1,1,1,1,1,1,1,1,0,20,409000
1,1,1,0,1,-1,1,1,1,0,1,0,1,410000
1,1,1,1,1,1,1,1,1,1,1,0,20,411000
1,1,1,0,1,-1,1,1,1,0,0,0,2,412000
1,1,1,1,1,1,-1,1,1,1,1,0,15,413000
1,1,1,1,1,1,1,1,1,1,1,0,20,414000
1,1,1,1,1,1,1,1,1,1,1,0,20,415000
1,1,1,1,1,1,1,1,1,1,1,0,20,416000
1,1,1,1,1,1,1,1,1,1,1,0,20,417000
1,1,1,1,1,1,1,1,1,0,1,0,20,418000
1,1,1,0,1,-1,1,1,1,0,1,0,2,419000
1,1,1,1,1,1,1,1,1,0,0,0,20,420000
1,1,1,1,1,1,1,1,1,0,0,0,20,421000
-1,1,1,1,1,1,1,1,1,0,0,1,13,422000
1,1,1,0,1,-1,1,1,1,0,1,0,1,423000
1,1,1,1,1,1,1,1,1,1,0,0,20,424000
1,1,1,1,1,1,1,1,1,1,1,0,20,425000
1,1,1,1,1,1,1,1,1,1,1,0,20,426000
1,1,1,0,1,-1,1,1,1,0,1,0,2,427000
1,1,1,1,1,1,1,1,1,1,0,0,20,428000
1,1,1,1,1,1,1,1,1,1,1,0,20,429000
1,1,1,0,1,-1,1,1,1,0,1,0,1,430000
1,1,1,1,1,1,1,1,1,0,1,0,20,431000
1,1,1,1,1,1,1,1,1,1,1,0,20,432000
1,1,1,1,1,1,1,1,1,1,0,0,20,433000
1,1,1,0,1,-1,1,1,1,0,1,0,1,434000
1,1,1,1,1,1,1,1,1,1,1,0,20,435000
1,1,1,1,1,1,1,1,1,1,1,0,20,436000
1,1,1,1,1,1,1,1,1,1,1,0,20,437000
1,1,1,1,1,1,1,1,1,0,0,0,20,438000
1,1,1,0,1,-1,1,1,1,0,1,0,1,439000
1,1,1,1,1,1,1,1,1,1,1,0,20,440000
1,1,1,1,1,1,1,1,1,1,1,0,20,441000
1,1,1,1,1,1,1,1,1,0,1,0,20,442000
1,1,1,1,1,1,1,1,1,1,1,0,20,443000
1,1,1,1,1,1,1,1,1,0,0,0,20,444000
1,1,1,1,1,1,1,1,1,1,1,0,20,445000
1,1,1,1,1,1,1,1,1,1,1,0,20,446000
1,1,1,1,1,1,1,1,1,1,1,0,20,447000
1,1,1,1,1,1,1,1,1,1,0,0,20,448000
1,1,1,1,1,1,1,1,1,1,1,0,20,449000
1,1,1,0,1,-1,1,1,1,0,1,0,1,450000
1,1,1,1,1,1,1,1,1,1,1,0,20,451000
1,1,1,1,1,1,1,1,1,1,1,0,20,452000
1,1,1,0,1,-1,1,1,1,0,1,0,1,453000
1,1,1,1,1,1,1,1,1,1,1,1,20,454000
1,1,1,1,1,1,1,1,1,1,1,0,20,455000
1,1,1,1,1,1,1,1,1,0,0,0,20,456000
1,1,1,1,1,1,1,1,1,1,0,0,20,457000
1,1,1,1,1,1,1,1,1,1,1,0,20,458000
1,1,1,1,1,1,1,1,1,1,1,0,20,459000
1,1,1,1,1,1,1,1,1,1,1,0,20,460000
1,1,1,1,1,1,1,1,1,1,1,0,20,461000
1,1,1,1,1,1,1,1,1,1,1,0,20,462000
1,1,1,1,1,1,1,1,1,1,1,0,20,463000
1,1,1,0,1,-1,1,1,1,0,1,0,1,464000
1,1,1,1,1,1,1,1,1,1,1,0,20,465000
1,1,1,1,1,1,1,1,1,1,1,0,20,466000
1,1,1,0,1,-1,1,1,1,0,1,0,1,467000
1,1,1,1,1,1,1,1,1,1,0,0,20,468000
1,1,1,1,1,1,1,1,1,0,1,0,20,469000
1,1,1,0,1,-1,1,1,1,0,1,0,2,470000
1,1,1,1,1,1,1,1,1,1,1,0,20,471000
1,1,1,1,1,1,1,1,1,0,0,0,20,472000
1,1,1,0,1,-1,1,1,1,0,1,0,1,473000
1,1,1,1,1,1,1,1,1,1,1,0,20,474000
1,1,1,1,1,1,1,1,1,1,1,0,20,475000
1,1,1,0,1,-1,1,1,1,0,0,0,1,476000
1,1,1,0,1,-1,1,1,1,0,1,0,1,477000
1,1,1,1,1,1,1,1,1,1,1,0,20,478000
1,1,1,0,1,-1,1,1,1,0,1,0,1,479000
1,1,1,1,1,1,1,1,1,1,1,0,20,480000
1,1,1,1,1,1,1,1,1,1,1,0,20,481000
1,1,1,1,1,1,1,1,1,1,1,0,20,482000
1,1,1,1,1,1,1,1,1,0,0,0,20,483000
1,1,1,0,1,-1,1,1,1,0,1,0,2,484000
1,1,1,1,1,1,1,1,1,1,1,0,20,485000
1,1,1,1,1,1,1,1,1,1,1,0,20,486000
1,1,1,0,1,-1,1,1,1,0,1,0,1,487000
1,1,1,1,1,1,1,1,1,1,1,0,20,488000
1,1,1,0,1,-1,1,1,1,0,1,0,2,489000
1,1,1,0,1,-1,1,1,1,0,1,0,2,490000
1,1,1,0,1,-1,1,1,1,0,1,0,2,491000
1,1,1,1,1,1,1,1,1,1,1,0,20,492000
1,1,1,1,1,1,1,1,1,0,1,0,20,493000
1,1,1,1,1,1,1,1,1,1,1,0,20,494000
1,1,1,1,1,1,1,1,1,1,0,0,20,495000
1,1,1,0,1,-1,1,1,1,0,1,0,1,496000
1,1,1,1,1,1,1,1,1,1,1,0,20,497000
1,1,1,1,1,1,1,1,1,0,1,0,20,498000
1,1,1,1,1,1,1,1,1,1,1,0,20,499000
1,1,1,1,1,1,1,1,1,1,1,0,20,500000
1,1,1,1,1,1,1,1,1,0,1,0,20,501000
1,1,1,1,1,1,-1,1,1,1,1,0,15,502000
1,1,1,0,1,-1,1,1,1,0,1,0,1,503000
1,1,1,0,1,-1,1,1,1,0,1,0,2,504000
1,1,1,0,-1,1,1,1,1,0,0,0,1,505000
1,1,1,0,1,-1,1,1,1,0,1,0,1,506000
1,1,1,1,1,1,1,1,1,1,1,0,20,507000
1,1,1,0,1,-1,1,1,1,0,1,0,1,508000
1,1,1,0,1,-1,1,1,1,0,0,0,1,509000
1,1,1,0,1,-1,1,1,1,0,0,0,2,510000
1,1,1,1,1,1,1,1,1,1,1,0,20,511000
1,1,1,0,1,-1,1,1,1,0,0,0,2,512000
1,1,1,1,1,1,1,1,1,1,1,0,20,513000
1,1,1,1,1,1,1,1,1,1,0,0,20,514000
1,1,1,0,1,-1,1,1,1,0,1,0,1,515000
1,1,1,1,1,1,1,1,1,1,1,0,20,516000
1,1,1,1,1,1,1,1,1,1,0,0,20,517000
1,1,1,1,1,1,1,1,1,1,1,0,20,518000
1,1,1,1,1,1,1,1,1,1,1,0,20,519000
1,1,1,1,1,1,1,1,1,1,1,0,20,520000
1,1,1,0,1,-1,1,1,1,0,1,0,2,521000
1,1,1,1,1,1,1,1,1,1,1,0,20,522000
1,1,1,0,1,-1,1,1,1,0,1,0,1,523000
1,1,1,1,1,1,1,1,1,1,1,0,20,524000
1,1,1,1,1,1,1,1,1,1,1,0,20,525000
1,1,1,0,-1,1,1,1,1,0,0,0,1,526000
1,1,1,1,1,1,1,1,1,0,0,0,20,527000
1,1,1,0,1,-1,1,1,1,0,1,0,2,528000
1,1,1,1,1,1,1,1,1,1,1,0,20,529000
1,1,1,0,1,-1,1,1,1,0,0,0,1,530000
1,1,1,1,1,1,1,1,1,1,1,0,20,531000
1,1,1,1,1,1,1,1,1,1,0,0,20,532000
1,1,1,0,1,-1,1,1,1,0,1,0,1,533000
1,1,1,1,1,1,1,1,1,1,1,0,20,534000
1,1,1,0,1,-1,1,1,1,0,1,0,1,535000
1,1,1,1,1,1,1,1,1,1,1,0,20,536000
1,1,1,1,1,1,1,1,1,1,1,0,20,537000
1,1,1,0,1,-1,1,1,1,0,1,0,1,538000
1,1,1,1,1,1,1,1,1,1,1,0,20,539000
1,1,1,1,1,1,1,1,1,1,1,0,20,540000
1,1,1,1,1,1,1,1,1,1,1,0,20,541000
1,1,1,1,1,1,1,1,1,1,1,0,20,542000
1,1,1,1,1,1,1,1,1,1,1,0,20,543000
-1,1,1,1,1,1,1,1,1,0,0,0,5,544000
1,1,1,1,1,1,1,1,1,1,1,0,20,545000
1,1,1,1,1,1,1,1,1,1,1,0,20,546000
1,1,1,1,1,1,1,1,1,0,0,0,20,547000
1,1,1,1,1,1,1,1,1,1,1,0,20,548000
1,1,1,1,1,1,1,1,1,1,1,0,20,549000
1,1,1,1,1,1,1,1,1,1,1,0,20,550000
1,1,1,1,1,1,1,1,1,1,1,0,20,551000
1,1,1,1,1,1,1,1,1,1,1,0,20,552000
1,1,1,1,1,1,1,1,1,1,1,0,20,553000
1,1,1,0,1,-1,1,1,1,0,0,0,2,554000
1,1,1,1,1,1,1,1,1,1,1,0,20,555000
1,1,1,1,1,1,1,1,1,1,1,0,20,556000
1,1,1,1,1,1,1,1,1,1,1,0,20,557000
1,1,1,1,1,1,1,1,1,0,1,1,20,558000
-1,1,1,1,1,1,1,1,1,1,0,0,15,559000
1,1,1,1,1,1,1,1,1,0,0,0,20,560000
1,1,1,1,1,1,1,1,1,1,1,0,20,561000
1,1,1,1,1,1,1,1,1,1,1,0,20,562000
1,1,1,0,1,-1,1,1,1,0,1,0,2,563000
1,1,1,1,1,1,1,1,1,1,1,0,20,564000
1,1,1,1,1,1,1,1,1,1,1,0,20,565000
1,1,1,1,1,1,1,1,1,1,1,0,20,566000
1,1,1,1,1,1,1,1,1,1,0,0,20,567000
1,1,1,1,1,1,1,1,1,1,1,0,20,568000
1,1,1,1,1,1,1,1,1,1,1,0,20,569000
1,1,1,1,1,1,1,1,1,1,1,0,20,570000
1,1,1,1,1,1,1,1,1,1,1,0,20,571000
1,1,1,0,1,-1,1,1,1,0,1,0,2,572000
1,1,1,1,1,1,1,1,1,1,1,0,20,573000
1,1,1,1,1,1,1,1,1,0,1,1,20,574000
1,1,1,1,1,1,1,1,1,1,1,0,20,575000
1,1,1,1,1,1,1,1,1,1,1,0,20,576000
1,1,1,0,1,-1,1,1,1,0,1,0,2,577000
1,1,1,1,1,1,1,1,1,0,0,0,20,578000
1,1,1,0,1,-1,1,1,1,0,0,0,1,579000
1,1,1,1,1,1,1,1,1,1,1,0,20,580000
1,1,1,1,1,1,1,1,1,1,1,0,20,581000
1,1,1,0,1,-1,1,1,1,0,1,0,2,582000
1,1,1,1,1,1,1,1,1,1,1,0,20,583000
1,1,1,1,1,1,1,1,1,1,1,0,20,584000
1,1,1,1,1,1,1,1,1,1,1,0,20,585000
1,1,1,0,1,-1,1,1,1,0,1,0,2,586000
1,1,1,1,1,1,1,1,1,1,1,0,20,587000
1,1,1,1,1,1,1,1,1,1,1,0,20,588000
1,1,1,1,1,1,1,1,1,1,1,0,20,589000
1,1,1,1,1,1,1,1,1,1,1,0,20,590000
1,1,1,1,1,1,1,1,1,1,1,0,20,591000
1,1,1,0,1,-1,1,1,1,0,1,0,2,592000
1,1,1,0,1,-1,1,1,1,0,1,0,2,593000
1,1,1,1,1,1,1,1,1,1,1,0,20,594000
1,1,1,0,1,-1,1,1,1,0,1,0,2,595000
1,1,1,1,1,1,1,1,1,1,1,0,20,596000
1,1,1,0,1,-1,1,1,1,0,1,0,1,597000
1,1,1,1,1,1,1,1,1,1,1,0,20,598000
1,1,1,1,1,1,1,1,1,1,1,0,20,599000
1,1,1,1,1,1,1,1,1,1,1,0,20,600000
1,1,1,1,1,1,1,1,1,1,1,0,20,601000
1,1,1,1,1,1,1,1,1,1,1,0,20,602000
1,1,1,1,1,1,1,1,1,1,0,0,20,603000
1,1,1,1,1,1,1,1,1,1,1,0,20,604000
1,1,1,1,1,1,1,1,1,1,1,0,20,605000
1,1,1,1,1,1,1,1,1,1,1,0,20,606000
1,1,1,0,1,-1,1,1,1,0,1,0,2,607000
1,1,1,1,1,1,1,1,1,1,1,0,20,608000
1,1,1,0,1,-1,1,1,1,0,1,0,1,609000
1,1,1,0,-1,1,1,1,1,0,0,0,1,610000
1,1,1,1,1,1,1,1,1,1,1,0,20,611000
1,1,1,1,1,1,1,1,1,1,1,0,20,612000
1,1,1,1,1,1,1,1,1,1,0,0,20,613000
1,1,1,1,1,1,1,1,1,1,1,0,20,614000
1,1,1,1,1,1,1,1,1,1,1,0,20,615000
1,1,1,1,1,1,1,1,1,1,1,0,20,616000
1,1,1,1,1,1,1,1,1,1,1,0,20,617000
1,1,1,1,1,1,1,1,1,1,1,0,20,618000
1,1,1,0,1,-1,1,1,1,0,1,0,2,619000
1,1,1,1,1,1,1,1,1,1,1,0,20,620000
1,1,1,1,1,1,1,1,1,1,1,0,20,621000
1,1,1,1,1,1,1,1,1,0,1,0,20,622000
1,1,1,1,1,1,1,1,1,0,0,0,20,623000
1,1,1,1,1,1,1,1,1,1,1,0,20,624000
1,1,1,1,1,1,1,1,1,0,1,0,20,625000
1,1,1,1,1,1,1,1,1,1,1,0,20,626000
1,1,1,0,1,-1,1,1,1,0,1,0,2,627000
1,1,1,1,1,1,1,1,1,1,1,0,20,628000
1,1,1,1,1,1,1,1,1,1,0,0,20,629000
1,1,1,1,1,1,1,1,1,1,1,0,20,630000
1,1,1,1,1,1,1,1,1,1,1,0,20,631000
1,1,1,0,1,-1,1,1,1,0,1,0,1,632000
1,1,1,1,1,1,1,1,1,1,0,0,20,633000
1,1,1,0,1,-1,1,1,1,0,1,0,2,634000
1,1,1,1,1,1,1,1,1,0,0,0,20,635000
1,1,1,1,1,1,1,1,1,1,1,0,20,636000
1,1,1,1,1,1,1,1,1,1,1,0,20,637000
1,1,1,1,1,1,1,1,1,1,1,0,20,638000
1,1,1,1,1,1,1,1,1,0,0,0,20,639000
1,1,1,1,1,1,1,1,1,1,1,0,20,640000
1,1,1,1,1,1,1,1,1,1,1,0,20,641000
1,1,1,1,1,1,1,1,1,1,1,0,20,642000
1,1,1,1,1,1,1,1,1,1,1,0,20,643000
1,1,1,1,1,1,1,1,1,1,1,0,20,644000
1,1,1,1,1,1,1,1,1,1,1,0,20,645000
1,1,1,1,1,1,1,1,1,1,1,0,20,646000
1,1,1,1,1,1,1,1,1,1,1,0,20,647000
1,1,1,1,1,1,1,1,1,1,1,0,20,648000
1,1,1,0,1,-1,1,1,1,0,0,0,1,649000
1,1,1,0,1,-1,1,1,1,0,1,0,1,650000
1,1,1,1,1,1,1,1,1,1,1,0,20,651000
1,1,1,0,1,-1,1,1,1,0,1,0,2,652000
1,1,1,1,1,1,1,1,1,1,1,0,20,653000
1,1,1,1,1,1,1,1,1,1,1,0,20,654000
1,1,1,1,1,1,1,1,1,1,1,0,20,655000
1,1,1,0,1,-1,1,1,1,0,1,0,2,656000
1,1,1,0,1,-1,1,1,1,0,1,0,1,657000
1,1,1,1,1,1,1,1,1,1,1,0,20,658000
1,1,1,1,1,1,1,1,1,1,1,0,20,659000
1,1,1,0,1,-1,1,1,1,0,1,0,2,660000
1,1,1,1,1,1,1,1,1,0,1,1,20,661000
1,1,1,1,1,1,1,1,1,1,1,0,20,662000
1,1,1,1,1,1,1,1,1,1,1,0,20,663000
1,1,1,1,1,1,1,1,1,1,1,1,20,664000
1,1,1,1,1,1,1,1,1,1,1,0,20,665000
1,1,1,1,1,1,1,1,1,1,1,0,20,666000
1,1,1,0,1,-1,1,1,1,0,0,0,1,667000
1,1,1,1,1,1,1,1,1,1,1,0,20,668000
1,1,1,1,1,1,1,1,1,1,1,0,20,669000
1,1,1,0,1,-1,1,1,1,0,1,0,1,670000
1,1,1,1,1,1,1,1,1,1,0,0,20,671000
1,1,1,1,1,1,1,1,1,1,1,0,20,672000
1,1,1,1,1,1,1,1,1,1,1,0,20,673000
1,1,1,1,1,1,1,1,1,1,1,0,20,674000
1,1,1,1,1,1,1,1,1,1,1,0,20,675000
1,1,1,1,1,1,1,1,1,1,1,0,20,676000
1,1,1,1,1,1,1,1,1,1,1,0,20,677000
1,1,1,1,1,1,1,1,1,1,1,0,20,678000
1,1,1,1,1,1,1,1,1,0,1,0,20,679000
1,1,1,0,1,-1,1,1,1,0,1,0,2,680000
1,1,1,1,1,1,1,1,1,1,1,0,20,681000
1,1,1,1,1,1,1,1,1,1,1,0,20,682000
1,1,1,1,1,1,1,1,1,1,1,0,20,683000
1,1,1,1,1,1,1,1,1,1,1,0,20,684000
1,1,1,1,1,1,1,1,1,1,1,0,20,685000
1,1,1,1,1,1,1,1,1,0,0,0,20,686000
1,1,1,0,1,-1,1,1,1,0,1,0,2,687000
1,1,1,1,1,1,1,1,1,1,1,0,20,688000
1,1,1,1,1,1,1,1,1,1,1,0,20,689000
1,1,1,1,1,1,1,1,1,1,1,0,20,690000
1,1,1,1,1,1,1,1,1,1,1,0,20,691000
1,1,1,1,1,1,1,1,1,1,1,0,20,692000
1,1,1,1,1,1,1,1,1,1,1,0,20,693000
1,1,1,1,1,1,1,1,1,1,1,0,20,694000
1,1,1,1,1,1,1,1,1,1,1,0,20,695000
1,1,1,1,1,1,1,1,1,1,1,0,20,696000
1,1,1,1,1,1,1,1,1,1,1,0,20,697000
1,1,1,1,1,1,1,1,1,1,1,0,20,698000
1,1,1,1,1,1,1,1,1,1,1,0,20,699000
1,1,1,1,1,1,1,1,1,1,1,0,20,700000
1,1,1,0,1,-1,1,1,1,0,1,0,1,701000
1,1,1,1,1,1,1,1,1,1,1,0,20,702000
1,1,1,1,1,1,1,1,1,1,1,0,20,703000
1,1,1,1,1,1,1,1,1,1,1,0,20,704000
1,1,1,1,1,1,1,1,1,1,1,0,20,705000
1,1,1,1,1,1,1,1,1,1,1,0,20,706000
1,1,1,0,1,1,1,1,-1,1,1,0,5,707000
1,1,1,0,1,-1,1,1,1,0,1,0,2,708000
1,1,1,1,1,1,1,1,1,1,1,0,20,709000
1,1,1,1,1,1,1,1,1,1,1,0,20,710000
1,1,1,1,1,1,1,1,1,1,1,0,20,711000
1,1,1,1,1,1,1,1,1,1,1,0,20,712000
1,1,1,1,1,1,1,1,1,1,1,0,20,713000
1,1,1,1,1,1,1,1,1,1,1,0,20,714000
1,1,1,1,1,1,1,1,1,1,1,0,20,715000
1,1,1,1,1,1,-1,1,1,1,1,0,15,716000
1,1,1,1,1,1,1,1,1,1,1,0,20,717000
1,1,1,1,1,1,1,1,1,1,1,0,20,718000
1,1,1,1,1,1,1,1,1,1,1,0,20,719000
1,1,1,1,1,1,1,1,1,1,1,0,20,720000
1,1,1,1,1,1,1,1,1,1,1,0,20,721000
1,1,1,1,1,1,1,1,1,1,1,0,20,722000
1,1,1,1,1,1,1,1,1,1,1,0,20,723000
1,1,1,0,1,-1,1,1,1,0,1,0,1,724000
1,1,1,1,1,1,1,1,1,1,0,0,20,725000
1,1,1,0,1,-1,1,1,1,0,1,0,1,726000
1,1,1,1,1,1,1,1,1,1,0,0,20,727000
1,1,1,1,1,1,1,1,1,1,1,0,20,728000
1,1,1,1,1,1,1,1,1,1,1,0,20,729000
1,1,1,1,1,1,1,1,1,1,1,0,20,730000
1,1,1,1,1,1,1,1,1,1,1,0,20,731000
1,1,1,0,1,-1,1,1,1,0,1,0,2,732000
1,1,1,0,1,-1,1,1,1,0,1,0,2,733000
1,1,1,1,1,1,1,1,1,1,1,0,20,734000
1,1,1,0,1,-1,1,1,1,0,0,0,1,735000
1,1,1,0,1,-1,1,1,1,0,0,0,1,736000
1,1,1,1,1,1,1,1,1,1,1,0,20,737000
1,1,1,1,1,1,1,1,1,1,1,0,20,738000
1,1,1,1,1,1,1,1,1,0,1,1,20,739000
1,1,1,0,1,-1,1,1,1,0,1,0,2,740000
1,1,1,1,1,1,1,1,1,0,1,0,20,741000
1,1,1,1,1,1,1,1,1,1,1,0,20,742000
1,1,1,1,1,1,1,1,1,1,1,0,20,743000
1,1,1,1,1,1,1,1,1,1,1,0,20,744000
1,1,1,1,1,1,1,1,1,1,1,0,20,745000
1,1,1,0,1,-1,1,1,1,0,1,0,2,746000
1,1,1,1,1,1,1,1,1,1,1,0,20,747000
1,1,1,1,1,1,1,1,1,1,1,0,20,748000
1,1,1,1,1,1,1,1,1,1,1,0,20,749000
1,1,1,1,1,1,1,1,1,1,1,0,20,750000
1,1,1,1,1,1,1,1,1,1,1,0,20,751000
1,1,1,1,1,1,1,1,1,1,1,0,20,752000
1,1,1,1,1,1,1,1,1,1,1,0,20,753000
1,1,1,1,1,1,1,1,1,1,1,0,20,754000
1,1,1,0,1,-1,1,1,1,0,1,0,1,755000
1,1,1,1,1,1,1,1,1,1,1,0,20,756000
1,1,1,1,1,1,1,1,1,1,1,0,20,757000
1,1,1,0,1,-1,1,1,1,0,0,0,1,758000
1,1,1,1,1,1,1,1,1,1,1,0,20,759000
1,1,1,1,1,1,1,1,1,1,1,0,20,760000
1,1,1,1,1,1,1,1,1,1,1,0,20,761000
1,1,1,1,1,1,1,1,1,1,1,0,20,762000
1,1,1,1,1,1,1,1,1,0,1,1,20,763000
1,1,1,1,1,1,1,1,1,1,1,0,20,764000
1,1,1,1,1,1,1,1,1,1,1,0,20,765000
1,1,1,1,1,1,1,1,1,1,1,0,20,766000
1,1,1,1,1,1,1,1,1,1,1,0,20,767000
1,1,1,1,1,1,1,1,1,1,1,0,20,768000
1,1,1,0,1,-1,1,1,1,0,1,0,1,769000
1,1,1,1,1,1,1,1,1,1,1,0,20,770000
1,1,1,0,1,-1,1,1,1,0,1,0,1,771000
1,1,1,1,1,1,-1,1,1,1,1,0,15,772000
1,1,1,1,1,1,1,1,1,1,1,0,20,773000
1,1,1,1,1,1,1,1,1,1,1,0,20,774000
1,1,1,1,1,1,1,1,1,1,1,0,20,775000
1,1,1,1,1,1,1,1,1,1,1,0,20,776000
1,1,1,0,1,-1,1,1,1,0,1,0,1,777000
1,1,1,1,1,1,1,1,1,1,1,0,20,778000
1,1,1,1,1,1,1,1,1,1,1,0,20,779000
1,1,1,0,1,-1,1,1,1,0,1,0,2,780000
1,1,1,1,1,1,1,1,1,0,0,0,20,781000
1,1,1,1,1,1,1,1,1,1,1,0,20,782000
1,1,1,1,1,1,1,1,1,1,1,0,20,783000
1,1,1,0,1,-1,1,1,1,0,1,0,2,784000
1,1,1,1,1,1,1,1,1,1,1,0,20,785000
1,1,1,1,1,1,1,1,1,1,1,0,20,786000
1,1,1,0,1,-1,1,1,1,0,1,0,1,787000
1,1,1,1,1,1,1,1,1,1,1,0,20,788000
1,1,1,1,1,1,1,1,1,1,1,0,20,789000
1,1,1,1,1,1,1,1,1,1,1,0,20,790000
1,1,1,1,1,1,1,1,1,1,0,0,20,791000
1,1,1,0,1,-1,1,1,1,0,1,0,2,792000
1,1,1,1,1,1,1,1,1,1,1,0,20,793000
1,1,1,0,1,-1,1,1,1,0,0,0,2,794000
1,1,1,1,1,1,1,1,1,1,1,0,20,795000
1,1,1,1,1,1,1,1,1,1,1,0,20,796000
1,1,1,0,1,-1,1,1,1,0,1,0,2,797000
1,1,1,1,1,1,1,1,1,1,1,0,20,798000
1,1,1,1,1,1,1,1,1,1,1,0,20,799000
1,1,1,1,1,1,1,1,1,1,1,0,20,800000
1,1,1,1,1,1,1,1,1,1,0,0,20,801000
1,1,1,1,1,1,1,1,1,1,1,0,20,802000
1,1,1,1,1,1,1,1,1,1,1,0,20,803000
1,1,1,1,1,1,1,1,1,1,1,0,20,804000
1,1,1,1,1,1,1,1,1,1,1,1,20,805000
1,1,1,1,1,1,1,1,1,1,1,0,20,806000
1,1,1,1,1,1,1,1,1,1,1,0,20,807000
1,1,1,1,1,1,1,1,1,1,1,0,20,808000
1,1,1,1,1,1,1,1,1,1,1,0,20,809000
1,1,1,1,1,1,1,1,1,0,1,0,20,810000
1,1,1,1,1,1,1,1,1,0,1,0,20,811000
1,1,1,1,1,1,1,1,1,0,1,0,20,812000
1,1,1,1,1,1,1,1,1,1,1,0,20,813000
1,1,1,1,1,1,1,1,1,1,1,0,20,814000
1,1,1,1,1,1,1,1,1,1,1,0,20,815000
1,1,1,1,1,1,1,1,1,1,1,0,20,816000
1,1,1,1,1,1,1,1,1,1,1,0,20,817000
1,1,1,1,1,1,1,1,1,1,1,0,20,818000
1,1,1,1,1,1,1,1,1,1,1,0,20,819000
1,1,1,1,1,1,1,1,1,1,1,0,20,820000
1,1,1,1,1,1,1,1,1,1,1,0,20,821000
1,1,1,0,1,-1,1,1,1,0,1,0,1,822000
1,1,1,1,1,1,1,1,1,1,1,0,20,823000
1,1,1,0,1,-1,1,1,1,0,1,0,2,824000
1,1,1,1,1,1,1,1,1,1,1,0,20,825000
1,1,1,1,1,1,1,1,1,1,1,0,20,826000
1,1,1,1,1,1,1,1,1,1,1,0,20,827000
1,1,1,1,1,1,1,1,1,0,0,0,20,828000
1,1,1,1,1,1,1,1,1,1,1,0,20,829000
1,1,1,1,1,1,1,1,1,1,1,0,20,830000
1,1,1,1,1,1,1,1,1,1,1,0,20,831000
1,1,1,1,1,1,1,1,1,1,1,0,20,832000
1,1,1,0,1,-1,1,1,1,0,1,0,1,833000
1,1,1,1,1,1,-1,1,1,1,1,0,15,834000
1,1,1,1,1,1,1,1,1,0,0,0,20,835000
1,1,1,0,1,-1,1,1,1,0,1,0,2,836000
1,1,1,1,1,1,1,1,1,1,1,0,20,837000
1,1,1,1,1,1,1,1,1,1,1,0,20,838000
1,1,1,1,1,1,1,1,1,1,1,0,20,839000
1,1,1,1,1,1,1,1,1,1,1,0,20,840000
-1,1,1,1,1,1,1,1,1,0,0,0,15,841000
1,1,1,1,1,1,1,1,1,1,1,0,20,842000
1,1,1,1,1,1,1,1,1,0,0,0,20,843000
1,1,1,1,1,1,1,1,1,1,1,0,20,844000
1,1,1,1,1,1,1,1,1,1,1,0,20,845000
1,1,1,1,1,1,1,1,1,1,1,0,20,846000
1,1,1,1,1,1,1,1,1,1,1,0,20,847000
1,1,1,1,1,1,1,1,1,1,1,0,20,848000
1,1,1,0,1,-1,1,1,1,0,1,0,1,849000
1,1,1,0,1,-1,1,1,1,0,1,0,1,850000
1,1,1,1,1,1,1,1,1,1,1,0,20,851000
1,1,1,1,1,1,1,1,1,1,1,0,20,852000
1,1,1,1,1,1,1,1,1,1,0,0,20,853000
1,1,1,1,1,1,1,1,1,1,1,0,20,854000
1,1,1,1,1,1,1,1,1,1,1,0,20,855000
1,1,1,0,1,-1,1,1,1,0,1,0,1,856000
1,1,1,1,1,1,1,1,1,1,1,0,20,857000
1,1,1,1,1,1,1,1,1,1,1,0,20,858000
1,1,1,1,1,1,1,1,1,1,1,0,20,859000
1,1,1,1,1,1,1,1,1,1,1,0,20,860000
1,1,1,0,1,-1,1,1,1,0,1,0,2,861000
1,1,1,1,1,1,1,1,1,1,1,0,20,862000
1,1,1,1,1,1,1,1,1,1,1,0,20,863000
1,1,1,1,1,1,1,1,1,1,1,0,20,864000
1,1,1,1,1,1,1,1,1,1,1,0,20,865000
1,1,1,1,1,1,1,1,1,1,1,0,20,866000
1,1,1,0,1,-1,1,1,1,0,0,0,2,867000
1,1,1,1,1,1,1,1,1,1,1,0,20,868000
1,1,1,1,1,1,1,1,1,1,1,0,20,869000
1,1,1,1,1,1,1,1,1,1,1,0,20,870000
1,1,1,0,1,-1,1,1,1,0,1,0,2,871000
1,1,1,1,1,1,1,1,1,1,1,0,20,872000
1,1,1,1,1,1,1,1,1,1,0,0,20,873000
1,1,1,1,1,1,1,1,1,1,1,0,20,874000
1,1,1,1,1,1,1,1,1,1,0,0,20,875000
1,1,1,1,1,1,1,1,1,1,1,0,20,876000
1,1,1,1,1,1,1,1,1,1,1,0,20,877000
1,1,1,1,1,1,1,1,1,1,1,0,20,878000
1,1,1,1,1,1,1,1,1,1,1,0,20,879000
1,1,1,1,1,1,1,1,1,1,1,0,20,880000
1,1,1,0,1,-1,1,1,1,0,1,0,1,881000
1,1,1,1,1,1,1,1,1,1,1,0,20,882000
1,1,1,1,1,1,1,1,1,1,1,0,20,883000
1,1,1,0,1,-1,1,1,1,0,1,0,1,884000
1,1,1,1,1,1,1,1,1,1,1,0,20,885000
1,1,1,1,1,1,1,1,1,1,1,0,20,886000
1,1,1,1,1,1,1,1,1,1,1,0,20,887000
1,1,1,1,1,1,1,1,1,1,1,0,20,888000
1,1,1,1,1,1,1,1,1,1,1,0,20,889000
1,1,1,1,1,1,1,1,1,1,1,0,20,890000
1,1,1,1,1,1,1,1,1,1,1,0,20,891000
1,1,1,1,1,1,1,1,1,1,1,0,20,892000
1,1,1,1,1,1,1,1,1,1,1,0,20,893000
1,1,1,1,1,1,1,1,1,1,1,0,20,894000
1,1,1,1,1,1,1,1,1,1,1,0,20,895000
1,1,1,1,1,1,1,1,1,1,1,0,20,896000
1,1,1,1,1,1,1,1,1,1,1,0,20,897000
1,1,1,1,1,1,1,1,1,1,1,0,20,898000
1,1,1,1,1,1,1,1,1,1,1,0,20,899000
1,1,1,1,1,1,1,1,1,1,1,0,20,900000
1,1,1,1,1,1,1,1,1,1,1,0,20,901000
1,1,1,1,1,1,1,1,1,1,1,0,20,902000
1,1,1,1,1,1,1,1,1,1,1,0,20,903000
1,1,1,1,1,1,1,1,1,1,1,0,20,904000
1,1,1,1,1,1,1,1,1,1,1,0,20,905000
1,1,1,1,1,1,1,1,1,1,1,0,20,906000
1,1,1,1,1,1,1,1,1,1,1,0,20,907000
1,1,1,1,1,1,1,1,1,1,1,0,20,908000
1,1,1,0,1,-1,1,1,1,0,0,0,1,909000
1,1,1,1,1,1,1,1,1,1,1,0,20,910000
1,1,1,1,1,1,1,1,1,1,1,0,20,911000
1,1,1,1,1,1,1,1,1,1,1,0,20,912000
1,1,1,1,1,1,1,1,1,1,1,0,20,913000
1,1,1,1,1,1,1,1,1,1,1,0,20,914000
1,1,1,1,1,1,1,1,1,1,1,0,20,915000
1,1,1,1,1,1,1,1,1,1,1,0,20,916000
1,1,1,0,1,-1,1,1,1,0,1,0,1,917000
1,1,1,1,1,1,1,1,1,1,1,0,20,918000
1,1,1,0,1,-1,1,1,1,0,1,0,1,919000
1,1,1,1,1,1,1,1,1,1,1,0,20,920000
1,1,1,1,1,1,1,1,1,1,1,0,20,921000
1,1,1,1,1,1,1,1,1,1,1,0,20,922000
1,1,1,1,1,1,1,1,1,1,1,0,20,923000
1,1,1,1,1,1,1,1,1,1,1,0,20,924000
1,1,1,1,1,1,1,1,1,1,1,0,20,925000
1,1,1,1,1,1,1,1,1,1,1,0,20,926000
1,1,1,1,1,1,1,1,1,1,1,0,20,927000
1,1,1,1,1,1,-1,1,1,1,1,0,15,928000
1,1,1,1,1,1,1,1,1,1,1,0,20,929000
1,1,1,1,1,1,1,1,1,1,1,0,20,930000
1,1,1,1,1,1,1,1,1,1,1,0,20,931000
1,1,1,0,1,-1,1,1,1,0,1,0,2,932000
1,1,1,1,1,1,1,1,1,1,1,0,20,933000
1,1,1,1,1,1,1,1,1,1,1,0,20,934000
1,1,1,1,1,1,1,1,1,1,1,0,20,935000
1,1,1,1,1,1,1,1,1,1,1,0,20,936000
1,1,1,1,1,1,1,1,1,1,1,0,20,937000
1,1,1,1,1,1,1,1,1,1,1,0,20,938000
1,1,1,1,1,1,1,1,1,1,1,0,20,939000
1,1,1,1,1,1,1,1,1,1,1,0,20,940000
1,1,1,1,1,1,1,1,1,1,1,0,20,941000
1,1,1,1,1,1,1,1,1,1,1,0,20,942000
1,1,1,1,1,1,1,1,1,1,1,0,20,943000
1,1,1,1,1,1,1,1,1,1,1,0,20,944000
1,1,1,1,1,1,1,1,1,1,1,0,20,945000
1,1,1,1,1,1,1,1,1,1,1,0,20,946000
1,1,1,1,1,1,1,1,1,1,1,0,20,947000
1,1,1,1,1,1,1,1,1,1,1,0,20,948000
1,1,1,1,1,1,1,1,1,1,1,0,20,949000
1,1,1,1,1,1,1,1,1,1,1,0,20,950000
1,1,1,1,1,1,1,1,1,1,1,0,20,951000
1,1,1,1,1,1,1,1,1,1,1,0,20,952000
1,1,1,1,1,1,1,1,1,1,1,0,20,953000
1,1,1,1,1,1,1,1,1,1,1,0,20,954000
1,1,1,1,1,1,1,1,1,1,1,0,20,955000
1,1,1,1,1,1,1,1,1,1,1,0,20,956000
1,1,1,1,1,1,1,1,1,1,1,0,20,957000
1,1,1,1,1,1,1,1,1,1,1,0,20,958000
1,1,1,0,1,-1,1,1,1,0,1,0,2,959000
1,1,1,1,1,1,1,1,1,1,1,0,20,960000
1,1,1,0,1,-1,1,1,1,0,1,0,2,961000
1,1,1,1,1,1,1,1,1,1,1,0,20,962000
1,1,1,1,1,1,1,1,1,1,1,0,20,963000
1,1,1,1,1,1,1,1,1,1,1,0,20,964000
1,1,1,0,1,-1,1,1,1,0,1,0,1,965000
1,1,1,0,1,-1,1,1,1,0,1,0,1,966000
1,1,1,1,1,1,1,1,1,1,1,0,20,967000
1,1,1,1,1,1,1,1,1,1,1,0,20,968000
1,1,1,1,1,1,1,1,1,1,1,0,20,969000
1,1,1,1,1,1,1,1,1,1,1,0,20,970000
1,1,1,1,1,1,1,1,1,1,1,0,20,971000
1,1,1,1,1,1,1,1,1,1,1,0,20,972000
1,1,1,1,1,1,1,1,1,1,1,0,20,973000
1,1,1,1,1,1,1,1,1,1,1,0,20,974000
1,1,1,1,1,1,1,1,1,1,1,0,20,975000
1,1,1,1,1,1,1,1,1,1,1,0,20,976000
1,1,1,1,1,1,1,1,1,1,1,0,20,977000
1,1,1,1,1,1,1,1,1,1,1,0,20,978000
1,1,1,1,1,1,1,1,1,1,1,0,20,979000
1,1,1,1,1,1,1,1,1,1,1,0,20,980000
1,1,1,1,1,1,1,1,1,1,1,0,20,981000
1,1,1,1,1,1,1,1,1,1,1,0,20,982000
1,1,1,1,1,1,1,1,1,1,1,0,20,983000
1,1,1,1,1,1,1,1,1,1,1,0,20,984000
1,1,1,1,1,1,1,1,1,1,1,0,20,985000
1,1,1,1,1,1,1,1,1,1,1,0,20,986000
1,1,1,1,1,1,1,1,1,1,1,0,20,987000
1,1,1,1,1,1,1,1,1,1,1,0,20,988000
1,1,1,1,1,1,1,1,1,1,1,0,20,989000
1,1,1,1,1,1,1,1,1,1,1,0,20,990000
1,1,1,1,1,1,1,1,1,1,1,0,20,991000
1,1,1,1,1,1,1,1,1,1,1,0,20,992000
1,1,1,1,1,1,1,1,1,1,1,0,20,993000
1,1,1,1,1,1,1,1,1,1,0,0,20,994000
1,1,1,1,1,1,1,1,1,1,1,0,20,995000
1,1,1,1,1,1,1,1,1,1,1,0,20,996000
1,1,1,1,1,1,1,1,1,1,1,0,20,997000
1,1,1,1,1,1,1,1,1,1,1,0,20,998000
1,1,1,1,1,1,1,1,1,1,1,0,20,999000
1,1,1,1,1,1,1,1,1,1,1,0,20,1000000
1,1,1,1,1,1,1,1,1,1,1,0,20,1001000
1,1,1,1,1,1,1,1,1,1,1,0,20,1002000
1,1,1,1,1,1,1,1,1,1,1,0,20,1003000
1,1,1,1,1,1,1,1,1,1,1,0,20,1004000
1,1,1,1,1,1,1,1,1,1,1,0,20,1005000
1,1,1,1,1,1,1,1,1,1,1,0,20,1006000
1,1,1,1,1,1,1,1,1,1,1,0,20,1007000
1,1,1,0,1,-1,1,1,1,0,1,0,1,1008000
1,1,1,1,1,1,1,1,1,1,1,0,20,1009000
